Workbook

Sheet 2015-2016
B2: Temporada 2016/2017 | D2: General | M2: Ataque | U2: Defensa | AA2: Tipo de juego | AF2: Extra cancha
B3: Posición en la tabla | C3: Equipo | D3: Goles a favor | E3: Goles en contra | F3: Diferencia de goles | G3: Porterias en cero | H3: Tarjetas Amarillas | I3: Tarjetas Rojas | J3: XG F | K3: XG A | L3: G vs XG | M3: Tiros | N3: Tiros a gol | O3: Gol de penal | P3: Gol de cabeza | Q3: Gol dentro del área | R3: Gol fuera del área | S3: Gol de contragolpe | T3: Fueras de lugar | U3: Auotgoles | V3: Penales provocados | W3: Paradas | X3: Despejes | Y3: Barridas | Z3: Faltas | AA3: # de pases | AB3: Pases filtrados | AC3: Pases hacia atrás | AD3: Centros | AE3: Corners | AF3: Dinero gastado en transferencias (Millones de euros) | AG3: Dinero ingresado por transferencias (millones de euros) | AH3: Jugadores nuevos | AI3: Jugadores vendidos | AJ3: Valor de la plantilla | AK3: # de jugadores | AL3: Valor promedio jugadores (millones de euros) | AM3: Asistencia promedio al estadio | AN3: % ventaja local | AO3: Competencias Europeas | AP3: Recien ascendido | AQ3: Champions | AR3: Descenso | AS3: Big 6 | AT3: Temporada
B4: 1 | C4: Leicester City | D4: 68 | E4: 36 | F4: 32 | G4: 15 | H4: 48 | I4: 3 | J4: NA | K4: NA | L4: NA | M4: 522 | N4: 179 | O4: 10 | P4: 11 | Q4: 65 | R4: 3 | S4: 6 | T4: 50 | U4: 0 | V4: 4 | W4: 99 | X4: 1040 | Y4: 869 | Z4: 406 | AA4: 13370 | AB4: 54 | AC4: 1970 | AD4: 762 | AE4: 197 | AF4: 49.9 | AG4: 9.45 | AH4: 25 | AI4: 32 | AJ4: 161.1 | AK4: 35 | AL4: 4.6028571 | AM4: 31998 | AN4: 0 | AO4: 0 | AP4: 0 | AQ4: 1 | AR4: 0 | AS4: 0 | AT4: 15/16
B5: 2 | C5: Arsenal | D5: 65 | E5: 36 | F5: 29 | G5: 18 | H5: 40 | I5: 4 | J5: NA | K5: NA | L5: NA | M5: 571 | N5: 211 | O5: 1 | P5: 13 | Q5: 61 | R5: 4 | S5: 3 | T5: 86 | U5: 3 | V5: 1 | W5: 118 | X5: 849 | Y5: 709 | Z5: 348 | AA5: 21249 | AB5: 168 | AC5: 2946 | AD5: 754 | AE5: 227 | AF5: 26.5 | AG5: 2.5 | AH5: 15 | AI5: 12 | AJ5: 457.85 | AK5: 41 | AL5: 11.167073 | AM5: 59944 | AN5: 0.17 | AO5: 1 | AP5: 0 | AQ5: 1 | AR5: 0 | AS5: 1 | AT5: =AT4 -> 15/16
B6: 3 | C6: Tottenham Hotspur | D6: 69 | E6: 35 | F6: 34 | G6: 13 | H6: 72 | I6: 1 | J6: NA | K6: NA | L6: NA | M6: 659 | N6: 252 | O6: 5 | P6: 7 | Q6: 59 | R6: 10 | S6: 3 | T6: 72 | U6: 3 | V6: 2 | W6: 89 | X6: 1046 | Y6: 805 | Z6: 451 | AA6: 18649 | AB6: 64 | AC6: 2708 | AD6: 738 | AE6: 254 | AF6: 71 | AG6: 87.25 | AH6: 11 | AI6: 21 | AJ6: 371.85 | AK6: 31 | AL6: 11.995161 | AM6: 35776 | AN6: 0.08 | AO6: 1 | AP6: 0 | AQ6: 1 | AR6: 0 | AS6: 1 | AT6: =AT5 -> 15/16
B7: 4 | C7: Manchester City | D7: 71 | E7: 41 | F7: 30 | G7: 16 | H7: 61 | I7: 1 | J7: NA | K7: NA | L7: NA | M7: 615 | N7: 210 | O7: 5 | P7: 13 | Q7: 57 | R7: 14 | S7: 5 | T7: 63 | U7: 1 | V7: 1 | W7: 86 | X7: 940 | Y7: 729 | Z7: 409 | AA7: 20488 | AB7: 84 | AC7: 2895 | AD7: 866 | AE7: 257 | AF7: 208.47 | AG7: 67.44 | AH7: 22 | AI7: 25 | AJ7: 499.35 | AK7: 38 | AL7: 13.140789 | AM7: 54041 | AN7: 0.15 | AO7: 1 | AP7: 0 | AQ7: 1 | AR7: 0 | AS7: 1 | AT7: =AT6 -> 15/16
B8: 5 | C8: Manchester United | D8: 49 | E8: 35 | F8: 14 | G8: 18 | H8: 65 | I8: 1 | J8: NA | K8: NA | L8: NA | M8: 430 | N8: 144 | O8: 3 | P8: 5 | Q8: 44 | R8: 5 | S8: 2 | T8: 75 | U8: 2 | V8: 2 | W8: 90 | X8: 755 | Y8: 760 | Z8: 473 | AA8: 20070 | AB8: 43 | AC8: 3221 | AD8: 786 | AE8: 228 | AF8: 156 | AG8: 100.67 | AH8: 22 | AI8: 20 | AJ8: 439.85 | AK8: 44 | AL8: 9.9965909 | AM8: 75286 | AN8: 0.3 | AO8: 1 | AP8: 0 | AQ8: 0 | AR8: 0 | AS8: 1 | AT8: =AT7 -> 15/16
B9: 6 | C9: Southampton | D9: 59 | E9: 41 | F9: 18 | G9: 12 | H9: 57 | I9: 6 | J9: NA | K9: NA | L9: NA | M9: 519 | N9: 166 | O9: 3 | P9: 15 | Q9: 53 | R9: 6 | S9: 3 | T9: 98 | U9: 0 | V9: 1 | W9: 94 | X9: 1101 | Y9: 714 | Z9: 417 | AA9: 15913 | AB9: 46 | AC9: 2358 | AD9: 956 | AE9: 220 | AF9: 60.1 | AG9: 52.7 | AH9: 16 | AI9: 17 | AJ9: 225.5 | AK9: 35 | AL9: 6.4428571 | AM9: 30751 | AN9: 0.13 | AO9: 1 | AP9: 0 | AQ9: 0 | AR9: 0 | AS9: 0 | AT9: =AT8 -> 15/16
B10: 7 | C10: West Ham United | D10: 65 | E10: 51 | F10: 14 | G10: 11 | H10: 58 | I10: 5 | J10: NA | K10: NA | L10: NA | M10: 558 | N10: 185 | O10: 4 | P10: 15 | Q10: 55 | R10: 10 | S10: 2 | T10: 82 | U10: 2 | V10: 8 | W10: 111 | X10: 1003 | Y10: 711 | Z10: 381 | AA10: 15031 | AB10: 32 | AC10: 2236 | AD10: 805 | AE10: 224 | AF10: 52.7 | AG10: 18.52 | AH10: 25 | AI10: 26 | AJ10: 201.33 | AK10: 50 | AL10: 4.0266 | AM10: 34910 | AN10: 0.02 | AO10: 1 | AP10: 0 | AQ10: 0 | AR10: 0 | AS10: 0 | AT10: =AT9 -> 15/16
B11: 8 | C11: Liverpool | D11: 63 | E11: 50 | F11: 13 | G11: 11 | H11: 61 | I11: 3 | J11: NA | K11: NA | L11: NA | M11: 629 | N11: 202 | O11: 2 | P11: 12 | Q11: 48 | R11: 15 | S11: 1 | T11: 91 | U11: 1 | V11: 3 | W11: 81 | X11: 871 | Y11: 871 | Z11: 410 | AA11: 19733 | AB11: 75 | AC11: 2846 | AD11: 780 | AE11: 265 | AF11: 126.5 | AG11: 90.55 | AH11: 24 | AI11: 24 | AJ11: 375.25 | AK11: 44 | AL11: 8.5284091 | AM11: 43910 | AN11: 0.09 | AO11: 1 | AP11: 0 | AQ11: 0 | AR11: 0 | AS11: 1 | AT11: =AT10 -> 15/16
B12: 9 | C12: Stoke City | D12: 41 | E12: 55 | F12: -14 | G12: 10 | H12: 51 | I12: 4 | J12: NA | K12: NA | L12: NA | M12: 419 | N12: 128 | O12: 5 | P12: 9 | Q12: 33 | R12: 8 | S12: 0 | T12: 103 | U12: 0 | V12: 5 | W12: 121 | X12: 826 | Y12: 710 | Z12: 420 | AA12: 16342 | AB12: 60 | AC12: 2440 | AD12: 683 | AE12: 153 | AF12: 53.65 | AG12: 23.2 | AH12: 13 | AI12: 14 | AJ12: 147 | AK12: 31 | AL12: 4.7419355 | AM12: 27534 | AN12: 0.1 | AO12: 0 | AP12: 0 | AQ12: 0 | AR12: 0 | AS12: 0 | AT12: =AT11 -> 15/16
B13: 10 | C13: Chelsea | D13: 59 | E13: 53 | F13: 6 | G13: 9 | H13: 58 | I13: 5 | J13: NA | K13: NA | L13: NA | M13: 526 | N13: 173 | O13: 4 | P13: 6 | Q13: 48 | R13: 11 | S13: 1 | T13: 90 | U13: 2 | V13: 4 | W13: 122 | X13: 790 | Y13: 790 | Z13: 401 | AA13: 19664 | AB13: 74 | AC13: 2933 | AD13: 732 | AE13: 240 | AF13: 96.5 | AG13: 87.49 | AH13: 39 | AI13: 37 | AJ13: 553.5 | AK13: 40 | AL13: 13.8375 | AM13: 41500 | AN13: -0.03 | AO13: 1 | AP13: 0 | AQ13: 0 | AR13: 0 | AS13: 1 | AT13: =AT12 -> 15/16
B14: 11 | C14: Everton | D14: 59 | E14: 55 | F14: 4 | G14: 10 | H14: 44 | I14: 5 | J14: NA | K14: NA | L14: NA | M14: 491 | N14: 175 | O14: 4 | P14: 10 | Q14: 53 | R14: 6 | S14: 2 | T14: 55 | U14: 1 | V14: 6 | W14: 127 | X14: 994 | Y14: 730 | Z14: 306 | AA14: 17947 | AB14: 57 | AC14: 2699 | AD14: 782 | AE14: 218 | AF14: 48.2 | AG14: 11 | AH14: 18 | AI14: 17 | AJ14: 249.85 | AK14: 39 | AL14: 6.4064103 | AM14: 38124 | AN14: 0.05 | AO14: 0 | AP14: 0 | AQ14: 0 | AR14: 0 | AS14: 0 | AT14: =AT13 -> 15/16
B15: 12 | C15: Swansea City | D15: 42 | E15: 52 | F15: -10 | G15: 9 | H15: 60 | I15: 1 | J15: NA | K15: NA | L15: NA | M15: 441 | N15: 136 | O15: 5 | P15: 6 | Q15: 35 | R15: 7 | S15: 3 | T15: 82 | U15: 5 | V15: 2 | W15: 119 | X15: 1058 | Y15: 638 | Z15: 392 | AA15: 18169 | AB15: 46 | AC15: 2796 | AD15: 725 | AE15: 163 | AF15: 21.81 | AG15: 16.81 | AH15: 20 | AI15: 24 | AJ15: 145.8 | AK15: 36 | AL15: 4.05 | AM15: 20711 | AN15: 0.09 | AO15: 0 | AP15: 0 | AQ15: 0 | AR15: 0 | AS15: 0 | AT15: =AT14 -> 15/16
B16: 13 | C16: Watford | D16: 40 | E16: 50 | F16: -10 | G16: 11 | H16: 73 | I16: 3 | J16: NA | K16: NA | L16: NA | M16: 446 | N16: 140 | O16: 6 | P16: 5 | Q16: 37 | R16: 3 | S16: 0 | T16: 50 | U16: 2 | V16: 8 | W16: 121 | X16: 931 | Y16: 794 | Z16: 455 | AA16: 14531 | AB16: 29 | AC16: 2164 | AD16: 703 | AE16: 164 | AF16: 82.8 | AG16: 9.75 | AH16: 33 | AI16: 30 | AJ16: 137 | AK16: 39 | AL16: 3.5128205 | AM16: 20594 | AN16: 0.12 | AO16: 0 | AP16: 1 | AQ16: 0 | AR16: 0 | AS16: 0 | AT16: =AT15 -> 15/16
... B23: 20 | C23: Aston Villa | D23: 27 | E23: 76 | F23: -49 | G23: 6 | H23: 75 | I23: 3 | J23: NA | K23: NA | L23: NA | M23: 380 | N23: 110 | O23: 2 | P23: 6 | Q23: 21 | R23: 6 | S23: 1 | T23: 42 | U23: 4 | V23: 5 | W23: 116 | X23: 973 | Y23: 731 | Z23: 429 | AA23: 15308 | AB23: 12 | AC23: 2269 | AD23: 796 | AE23: 167 | AF23: 66.55 | AG23: 64.7 | AH23: 29 | AI23: 32 | AJ23: 117.95 | AK23: 44 | AL23: 2.6806818 | AM23: 33690 | AN23: 0.06 | AO23: 0 | AP23: 0 | AQ23: 0 | AR23: 1 | AS23: 0 | AT23: =AT22 -> 15/16
B26: Fuentes: | C26: https://fbref.com/en/comps/9/shooting/Premier-League-Stats
C27: https://footystats.org/england/premier-league#
C28: https://www.premierleague.com/stats/top/clubs/wins
C29: https://www.transfermarkt.mx/premier-league/einnahmenausgaben/wettbewerb/GB1/plus/0?ids=a&sa=&saison_id=2015&saison_id_bis=2015&nat=&pos=&altersklasse=&w_s=&leihe=&intern=0
C30: https://www.transfermarkt.mx/premier-league/startseite/wettbewerb/GB1/saison_id/2015

Sheet 2016-2017
B2: Temporada 2016/2017 | D2: General | M2: Ataque | U2: Defensa | AA2: Tipo de juego | AF2: Extra cancha
B3: Posición en la tabla | C3: Equipo | D3: Goles a favor | E3: Goles en contra | F3: Diferencia de goles | G3: Porterias en cero | H3: Tarjetas Amarillas | I3: Tarjetas Rojas | J3: XG F | K3: XG A | L3: G vs XG | M3: Tiros | N3: Tiros a gol | O3: Gol de penal | P3: Gol de cabeza | Q3: Gol dentro del área | R3: Gol fuera del área | S3: Gol de contragolpe | T3: Fueras de lugar | U3: Auotgoles | V3: Penales provocados | W3: Paradas | X3: Despejes | Y3: Barridas | Z3: Faltas | AA3: # de pases | AB3: Pases filtrados | AC3: Pases hacia atrás | AD3: Centros | AE3: Corners | AF3: Dinero gastado en transferencias (Millones de euros) | AG3: Dinero ingresado por transferencias (millones de euros) | AH3: Jugadores nuevos | AI3: Jugadores vendidos | AJ3: Valor de la plantilla | AK3: # de jugadores | AL3: Valor promedio jugadores | AM3: Asistencia promedio al estadio | AN3: % ventaja local | AO3: Competencias Europeas | AP3: Recien ascendido | AQ3: Champions | AR3: Descenso | AS3: Big 6 | AT3: Temporada
B4: 1 | C4: Chelsea | D4: 85 | E4: 33 | F4: 52 | G4: 16 | H4: 72 | I4: 0 | J4: NA | K4: NA | L4: NA | M4: 582 | N4: 205 | O4: 2 | P4: 8 | Q4: 73 | S4: 12 | T4: 65 | U4: 1 | V4: 2 | W4: 72 | X4: 839 | Y4: 652 | Z4: 394 | AA4: 20125 | AB4: 103 | AC4: 2967 | AD4: 697 | AE4: 218 | AF4: 132.8 | AG4: 108.9 | AH4: 27 | AI4: 30 | AJ4: 686.7 | AK4: 49 | AL4: =AJ4/AK4 -> 14.014286 | AM4: 41508 | AN4: 0.14 | AO4: 0 | AP4: 0 | AQ4: 1 | AR4: 0 | AS4: 1 | AT4: 16/17
B5: 2 | C5: Tottenham Hotspur | D5: 86 | E5: 26 | F5: 60 | G5: 17 | H5: 62 | I5: 0 | J5: NA | K5: NA | L5: NA | M5: 670 | N5: 257 | O5: 7 | P5: 10 | Q5: 74 | S5: 12 | T5: 74 | U5: 1 | V5: 2 | W5: 84 | X5: 1003 | Y5: 661 | Z5: 431 | AA5: 20153 | AB5: 47 | AC5: 3132 | AD5: 763 | AE5: 273 | AF5: 83.5 | AG5: 52.3 | AH5: 8 | AI5: 8 | AJ5: 543.65 | AK5: 38 | AL5: =AJ5/AK5 -> 14.306579 | AM5: 31639 | AN5: 0.2 | AO5: 1 | AP5: 0 | AQ5: 1 | AR5: 0 | AS5: 1 | AT5: =AT4 -> 16/17
B6: 3 | C6: Manchester City | D6: 80 | E6: 39 | F6: 41 | G6: 12 | H6: 71 | I6: 4 | J6: NA | K6: NA | L6: NA | M6: 633 | N6: 215 | O6: 7 | P6: 8 | Q6: 73 | S6: 7 | T6: 93 | U6: 1 | V6: 5 | W6: 66 | X6: 904 | Y6: 642 | Z6: 395 | AA6: 22705 | AB6: 124 | AC6: 3534 | AD6: 810 | AE6: 280 | AF6: 215 | AG6: 35.35 | AH6: 31 | AI6: 25 | AJ6: 576.6 | AK6: 35 | AL6: =AJ6/AK6 -> 16.474286 | AM6: 54019 | AN6: 0.03 | AO6: 1 | AP6: 0 | AQ6: 1 | AR6: 0 | AS6: 1 | AT6: =AT5 -> 16/17
B7: 4 | C7: Liverpool | D7: 78 | E7: 42 | F7: 36 | G7: 12 | H7: 54 | I7: 0 | J7: NA | K7: NA | L7: NA | M7: 639 | N7: 236 | O7: 7 | P7: 12 | Q7: 65 | S7: 13 | T7: 78 | U7: 0 | V7: 5 | W7: 72 | X7: 883 | Y7: 718 | Z7: 396 | AA7: 22283 | AB7: 58 | AC7: 3292 | AD7: 815 | AE7: 249 | AF7: 79.9 | AG7: 85.38 | AH7: 21 | AI7: 19 | AJ7: 425.65 | AK7: 38 | AL7: =AJ7/AK7 -> 11.201316 | AM7: 53016 | AN7: 0.15 | AO7: 0 | AP7: 0 | AQ7: 1 | AR7: 0 | AS7: 1 | AT7: =AT6 -> 16/17
B8: 5 | C8: Arsenal | D8: 77 | E8: 44 | F8: 33 | G8: 13 | H8: 68 | I8: 3 | J8: NA | K8: NA | L8: NA | M8: 568 | N8: 201 | O8: 4 | P8: 17 | Q8: 70 | S8: 7 | T8: 99 | U8: 1 | V8: 10 | W8: 123 | X8: 839 | Y8: 674 | Z8: 394 | AA8: 21392 | AB8: 129 | AC8: 2835 | AD8: 701 | AE8: 227 | AF8: 113.04 | AG8: 10.35 | AH8: 11 | AI8: 12 | AJ8: 542 | AK8: 42 | AL8: =AJ8/AK8 -> 12.904762 | AM8: 59957 | AN8: 0.15 | AO8: 1 | AP8: 0 | AQ8: 0 | AR8: 0 | AS8: 1 | AT8: =AT7 -> 16/17
B9: 6 | C9: Manchester United | D9: 54 | E9: 29 | F9: 25 | G9: 17 | H9: 78 | I9: 2 | J9: NA | K9: NA | L9: NA | M9: 589 | N9: 207 | O9: 3 | P9: 9 | Q9: 47 | S9: 7 | T9: 102 | U9: 1 | V9: 5 | W9: 87 | X9: 1110 | Y9: 690 | Z9: 498 | AA9: 20247 | AB9: 99 | AC9: 3177 | AD9: 852 | AE9: 217 | AF9: 185 | AG9: 47.25 | AH9: 9 | AI9: 14 | AJ9: 531.45 | AK9: 42 | AL9: =AJ9/AK9 -> 12.653571 | AM9: 75290 | AN9: 0.07 | AO9: 1 | AP9: 0 | AQ9: 0 | AR9: 0 | AS9: 1 | AT9: =AT8 -> 16/17
B10: 7 | C10: Everton | D10: 62 | E10: 44 | F10: 18 | G10: 13 | H10: 72 | I10: 2 | J10: NA | K10: NA | L10: NA | M10: 500 | N10: 192 | O10: 3 | P10: 13 | Q10: 59 | S10: 3 | T10: 83 | U10: 1 | V10: 5 | W10: 104 | X10: 1117 | Y10: 714 | Z10: 457 | AA10: 17584 | AB10: 40 | AC10: 2743 | AD10: 775 | AE10: 196 | AF10: 86 | AG10: 60.8 | AH10: 18 | AI10: 19 | AJ10: 311.25 | AK10: 39 | AL10: =AJ10/AK10 -> 7.9807692 | AM10: 39047 | AN10: 0.32 | AO10: 0 | AP10: 0 | AQ10: 0 | AR10: 0 | AS10: 0 | AT10: =AT9 -> 16/17
B11: 8 | C11: Southampton | D11: 41 | E11: 48 | F11: -7 | G11: 14 | H11: 59 | I11: 2 | J11: NA | K11: NA | L11: NA | M11: 549 | N11: 179 | O11: 3 | P11: 4 | Q11: 37 | S11: 4 | T11: 75 | U11: 0 | V11: 9 | W11: 82 | X11: 919 | Y11: 675 | Z11: 426 | AA11: 18240 | AB11: 58 | AC11: 2784 | AD11: 960 | AE11: 198 | AF11: 68.9 | AG11: 85.05 | AH11: 12 | AI11: 9 | AJ11: 263.75 | AK11: 36 | AL11: =AJ11/AK11 -> 7.3263889 | AM11: 30936 | AN11: -0.03 | AO11: 1 | AP11: 0 | AQ11: 0 | AR11: 0 | AS11: 0 | AT11: =AT10 -> 16/17
B12: 9 | C12: AFC Bournemouth | D12: 55 | E12: 67 | F12: -12 | G12: 10 | H12: 52 | I12: 3 | J12: NA | K12: NA | L12: NA | M12: 452 | N12: 160 | O12: 7 | P12: 5 | Q12: 51 | S12: 4 | T12: 54 | U12: 4 | V12: 5 | W12: 122 | X12: 1091 | Y12: 605 | Z12: 372 | AA12: 17145 | AB12: 51 | AC12: 2651 | AD12: 642 | AE12: 193 | AF12: 40.69 | AG12: 23.69 | AH12: 19 | AI12: 30 | AJ12: 131.6 | AK12: 41 | AL12: =AJ12/AK12 -> 3.2097561 | AM12: 11182 | AN12: 0.2 | AO12: 0 | AP12: 0 | AQ12: 0 | AR12: 0 | AS12: 0 | AT12: =AT11 -> 16/17
B13: 10 | C13: West Bromwich Albion | D13: 43 | E13: 51 | F13: -8 | G13: 6 | H13: 80 | I13: 0 | J13: NA | K13: NA | L13: NA | M13: 399 | N13: 124 | O13: 1 | P13: 16 | Q13: 37 | S13: 6 | T13: 61 | U13: 1 | V13: 3 | W13: 109 | X13: 997 | Y13: 607 | Z13: 448 | AA13: 11821 | AB13: 37 | AC13: 1800 | AD13: 770 | AE13: 159 | AF13: 37.9 | AG13: 26.98 | AH13: 13 | AI13: 14 | AJ13: 123.2 | AK13: 30 | AL13: =AJ13/AK13 -> 4.1066667 | AM13: 23876 | AN13: 0.2 | AO13: 0 | AP13: 0 | AQ13: 0 | AR13: 0 | AS13: 0 | AT13: =AT12 -> 16/17
B14: 11 | C14: West Ham United | D14: 47 | E14: 64 | F14: -17 | G14: 10 | H14: 78 | I14: 5 | J14: NA | K14: NA | L14: NA | M14: 498 | N14: 136 | O14: 3 | P14: 13 | Q14: 40 | S14: 7 | T14: 80 | U14: 0 | V14: 8 | W14: 118 | X14: 1071 | Y14: 575 | Z14: 408 | AA14: 15134 | AB14: 38 | AC14: 2318 | AD14: 759 | AE14: 172 | AF14: 83.5 | AG14: 41 | AH14: 22 | AI14: 15 | AJ14: 273.05 | AK14: 44 | AL14: =AJ14/AK14 -> 6.2056818 | AM14: 56972 | AN14: -0.08 | AO14: 1 | AP14: 0 | AQ14: 0 | AR14: 0 | AS14: 0 | AT14: =AT13 -> 16/17
B15: 12 | C15: Leicester City | D15: 48 | E15: 63 | F15: -15 | G15: 9 | H15: 72 | I15: 1 | J15: NA | K15: NA | L15: NA | M15: 435 | N15: 145 | O15: 4 | P15: 10 | Q15: 39 | S15: 9 | T15: 65 | U15: 2 | V15: 3 | W15: 127 | X15: 1028 | Y15: 677 | Z15: 447 | AA15: 14558 | AB15: 25 | AC15: 1916 | AD15: 735 | AE15: 197 | AF15: 92.1 | AG15: 66.05 | AH15: 17 | AI15: 18 | AJ15: 218.65 | AK15: 31 | AL15: =AJ15/AK15 -> 7.0532258 | AM15: 31893 | AN15: 0.25 | AO15: 1 | AP15: 0 | AQ15: 0 | AR15: 0 | AS15: 0 | AT15: =AT14 -> 16/17
B16: 13 | C16: Stoke City | D16: 41 | E16: 56 | F16: -15 | G16: 11 | H16: 70 | I16: 2 | J16: NA | K16: NA | L16: NA | M16: 426 | N16: 135 | O16: 4 | P16: 7 | Q16: 36 | S16: 5 | T16: 87 | U16: 5 | V16: 2 | W16: 124 | X16: 1009 | Y16: 665 | Z16: 434 | AA16: 14558 | AB16: 53 | AC16: 2170 | AD16: 725 | AE16: 188 | AF16: 38.78 | AG16: 3.8 | AH16: 14 | AI16: 13 | AJ16: 186 | AK16: 34 | AL16: =AJ16/AK16 -> 5.4705882 | AM16: 27433 | AN16: 0.16 | AO16: 0 | AP16: 0 | AQ16: 0 | AR16: 0 | AS16: 0 | AT16: =AT15 -> 16/17
... B23: 20 | C23: Sunderland | D23: 29 | E23: 69 | F23: -40 | G23: 6 | H23: 78 | I23: 4 | J23: NA | K23: NA | L23: NA | M23: 388 | N23: 122 | O23: 5 | P23: 1 | Q23: 26 | S23: 3 | T23: 80 | U23: 2 | V23: 4 | W23: 179 | X23: 1173 | Y23: 630 | Z23: 437 | AA23: 12360 | AB23: 38 | AC23: 1882 | AD23: 633 | AE23: 159 | AF23: 41.9 | AG23: 23.77 | AH23: 25 | AI23: 23 | AJ23: 132 | AK23: 42 | AL23: =AJ23/AK23 -> 3.1428571 | AM23: 41287 | AN23: 0.07 | AO23: 0 | AP23: 0 | AQ23: 0 | AR23: 1 | AS23: 0 | AT23: =AT22 -> 16/17

Sheet 2017-2018
B2: Temporada 2017/2018 | D2: General | M2: Ataque | U2: Defensa | AA2: Tipo de juego | AF2: Extra cancha
B3: Posición en la tabla | C3: Equipo | D3: Goles a favor | E3: Goles en contra | F3: Diferencia de goles | G3: Porterias en cero | H3: Tarjetas Amarillas | I3: Tarjetas Rojas | J3: XG F | K3: XG A | L3: G vs XG | M3: Tiros | N3: Tiros a gol | O3: Gol de penal | P3: Gol de cabeza | Q3: Gol dentro del área | R3: Gol fuera del área | S3: Gol de contragolpe | T3: Fueras de lugar | U3: Auotgoles | V3: Penales provocados | W3: Paradas | X3: Despejes | Y3: Barridas | Z3: Faltas | AA3: # de pases | AB3: Pases filtrados | AC3: Pases hacia atrás | AD3: Centros | AE3: Corners | AF3: Dinero gastado en transferencias (Millones de euros) | AG3: Dinero ingresado por transferencias (millones de euros) | AH3: Jugadores nuevos | AI3: Jugadores vendidos | AJ3: Valor de la plantilla | AK3: # de jugadores | AL3: Valor promedio jugadores | AM3: Asistencia promedio al estadio | AN3: % ventaja local | AO3: Competencias Europeas | AP3: Recien ascendido | AQ3: Champions | AR3: Descenso | AS3: Big 6 | AT3: Temporada
B4: 1 | C4: Manchester City | D4: 106 | E4: 27 | F4: 79 | G4: 18 | H4: 59 | I4: 2 | J4: 78.6 | K4: 23.8 | L4: 27.4 | M4: 656 | N4: 656 | O4: 6 | P4: 12 | Q4: 93 | R4: 13 | S4: 4 | T4: 67 | U4: 2 | V4: 2 | W4: 58 | X4: 620 | Y4: 195 | Z4: 344 | AA4: 26164 | AB4: 118 | AC4: 4546 | AD4: 691 | AE4: 284 | AF4: 317.5 | AG4: 91.35 | AH4: 31 | AI4: 32 | AJ4: 1010 | AK4: 32 | AL4: =AJ4/AK4 -> 31.5625 | AM4: 54070 | AN4: 0.06 | AO4: 1 | AP4: 0 | AQ4: 1 | AR4: 0 | AS4: 1 | AT4: 17/18
B5: 2 | C5: Manchester United | D5: 68 | E5: 28 | F5: 40 | G5: 19 | H5: 64 | I5: 1 | J5: 55.7 | K5: 40.7 | L5: 12.3 | M5: 509 | N5: 509 | O5: 1 | P5: 12 | Q5: 56 | R5: 13 | S5: 4 | T5: 88 | U5: 2 | V5: 1 | W5: 117 | X5: 926 | Y5: 173 | Z5: 405 | AA5: 17765 | AB5: 85 | AC5: 2878 | AD5: 753 | AE5: 220 | AF5: 198.4 | AG5: 45.5 | AH5: 13 | AI5: 11 | AJ5: 849.5 | AK5: 35 | AL5: =AJ5/AK5 -> 24.271429 | AM5: 74976 | AN5: 0.24 | AO5: 1 | AP5: 0 | AQ5: 1 | AR5: 0 | AS5: 1 | AT5: =AT4 -> 17/18
B6: 3 | C6: Tottenham Hotspur | D6: 74 | E6: 36 | F6: 38 | G6: 16 | H6: 50 | I6: 2 | J6: 64.7 | K6: 33.9 | L6: 9.3 | M6: 620 | N6: 620 | O6: 2 | P6: 11 | Q6: 64 | R6: 11 | S6: 8 | T6: 88 | U6: 1 | V6: 3 | W6: 89 | X6: 878 | Y6: 212 | Z6: 384 | AA6: 19284 | AB6: 83 | AC6: 3176 | AD6: 825 | AE6: 246 | AF6: 123.5 | AG6: 103.8 | AH6: 14 | AI6: 11 | AJ6: 829.6 | AK6: 34 | AL6: =AJ6/AK6 -> 24.4 | AM6: 67953 | AN6: 0.12 | AO6: 1 | AP6: 0 | AQ6: 1 | AR6: 0 | AS6: 1 | AT6: =AT5 -> 17/18
B7: 4 | C7: Liverpool | D7: 84 | E7: 38 | F7: 46 | G7: 17 | H7: 44 | I7: 1 | J7: 72.9 | K7: 33.8 | L7: 11.1 | M7: 635 | N7: 635 | O7: 2 | P7: 12 | Q7: 75 | R7: 9 | S7: 9 | T7: 70 | U7: 0 | V7: 6 | W7: 64 | X7: 788 | Y7: 196 | Z7: 344 | AA7: 20367 | AB7: 106 | AC7: 3313 | AD7: 764 | AE7: 230 | AF7: 173.88 | AG7: 184.5 | AH7: 15 | AI7: 13 | AJ7: 857.5 | AK7: 35 | AL7: =AJ7/AK7 -> 24.5 | AM7: 53049 | AN7: 0.27 | AO7: 1 | AP7: 0 | AQ7: 1 | AR7: 0 | AS7: 1 | AT7: =AT6 -> 17/18
B8: 5 | C8: Chelsea | D8: 62 | E8: 38 | F8: 24 | G8: 16 | H8: 42 | I8: 4 | J8: 54.4 | K8: 33.8 | L8: 7.6 | M8: 603 | N8: 603 | O8: 3 | P8: 17 | Q8: 52 | R8: 10 | S8: 1 | T8: 108 | U8: 2 | V8: 2 | W8: 81 | X8: 842 | Y8: 208 | Z8: 363 | AA8: 18967 | AB8: 70 | AC8: 3019 | AD8: 755 | AE8: 230 | AF8: 260.5 | AG8: 194.6 | AH8: 40 | AI8: 31 | AJ8: 884.25 | AK8: 46 | AL8: =AJ8/AK8 -> 19.222826 | AM8: 41282 | AN8: 0.07 | AO8: 1 | AP8: 0 | AQ8: 0 | AR8: 0 | AS8: 1 | AT8: =AT7 -> 17/18
B9: 6 | C9: Arsenal | D9: 74 | E9: 51 | F9: 23 | G9: 13 | H9: 57 | I9: 2 | J9: 68.3 | K9: 47.8 | L9: 5.7 | M9: 589 | N9: 589 | O9: 4 | P9: 13 | Q9: 68 | R9: 7 | S9: 0 | T9: 89 | U9: 0 | V9: 6 | W9: 94 | X9: 879 | Y9: 218 | Z9: 383 | AA9: 20878 | AB9: 117 | AC9: 3089 | AD9: 572 | AE9: 225 | AF9: 152.85 | AG9: 162 | AH9: 10 | AI9: 16 | AJ9: 694 | AK9: 45 | AL9: =AJ9/AK9 -> 15.422222 | AM9: 59323 | AN9: 0.34 | AO9: 1 | AP9: 0 | AQ9: 0 | AR9: 0 | AS9: 1 | AT9: =AT8 -> 17/18
B10: 7 | C10: Burnley | D10: 36 | E10: 39 | F10: -3 | G10: 12 | H10: 65 | I10: 0 | J10: 32.3 | K10: 51.2 | L10: 3.7 | M10: 378 | N10: 378 | O10: 0 | P10: 10 | Q10: 32 | R10: 4 | S10: 0 | T10: 100 | U10: 1 | V10: 5 | W10: 121 | X10: 1300 | Y10: 204 | Z10: 350 | AA10: 10524 | AB10: 18 | AC10: 2245 | AD10: 707 | AE10: 167 | AF10: 35.74 | AG10: 50 | AH10: 18 | AI10: 21 | AJ10: 169.3 | AK10: 30 | AL10: =AJ10/AK10 -> 5.6433333 | AM10: 20688 | AN10: 0.01 | AO10: 0 | AP10: 0 | AQ10: 0 | AR10: 0 | AS10: 0 | AT10: =AT9 -> 17/18
B11: 8 | C11: Everton | D11: 44 | E11: 58 | F11: -14 | G11: 10 | H11: 51 | I11: 3 | J11: 40.5 | K11: 52.4 | L11: 3.5 | M11: 351 | N11: 351 | O11: 5 | P11: 8 | Q11: 36 | R11: 8 | S11: 2 | T11: 82 | U11: 0 | V11: 5 | W11: 119 | X11: 1308 | Y11: 223 | Z11: 460 | AA11: 11953 | AB11: 25 | AC11: 2212 | AD11: 629 | AE11: 150 | AF11: 203.2 | AG11: 126.38 | AH11: 23 | AI11: 20 | AJ11: 381.25 | AK11: 48 | AL11: =AJ11/AK11 -> 7.9427083 | AM11: 38797 | AN11: 0.26 | AO11: 1 | AP11: 0 | AQ11: 0 | AR11: 0 | AS11: 0 | AT11: =AT10 -> 17/18
B12: 9 | C12: Leicester City | D12: 56 | E12: 60 | F12: -4 | G12: 9 | H12: 52 | I12: 5 | J12: 50 | K12: 48.1 | L12: 6 | M12: 417 | N12: 417 | O12: 5 | P12: 9 | Q12: 49 | R12: 7 | S12: 7 | T12: 92 | U12: 2 | V12: 4 | W12: 104 | X12: 1007 | Y12: 208 | Z12: 364 | AA12: 12357 | AB12: 63 | AC12: 2094 | AD12: 744 | AE12: 203 | AF12: 83.85 | AG12: 50.1 | AH12: 14 | AI12: 13 | AJ12: 304.25 | AK12: 34 | AL12: =AJ12/AK12 -> 8.9485294 | AM12: 31583 | AN12: 0.09 | AO12: 0 | AP12: 0 | AQ12: 0 | AR12: 0 | AS12: 0 | AT12: =AT11 -> 17/18
B13: 10 | C13: Newcastle United | D13: 39 | E13: 47 | F13: -8 | G13: 9 | H13: 52 | I13: 2 | J13: 41.6 | K13: 52.4 | L13: -2.6 | M13: 450 | N13: 450 | O13: 0 | P13: 7 | Q13: 34 | R13: 5 | S13: 5 | T13: 63 | U13: 3 | V13: 6 | W13: 102 | X13: 1219 | Y13: 221 | Z13: 409 | AA13: 11071 | AB13: 67 | AC13: 2018 | AD13: 616 | AE13: 167 | AF13: 46.5 | AG13: 21.22 | AH13: 27 | AI13: 29 | AJ13: 208.28 | AK13: 37 | AL13: =AJ13/AK13 -> 5.6291892 | AM13: 51992 | AN13: 0.18 | AO13: 0 | AP13: 1 | AQ13: 0 | AR13: 0 | AS13: 0 | AT13: =AT12 -> 17/18
B14: 11 | C14: Crystal Palace | D14: 45 | E14: 55 | F14: -10 | G14: 9 | H14: 72 | I14: 0 | J14: 53.5 | K14: 48.2 | L14: -8.5 | M14: 466 | N14: 466 | O14: 8 | P14: 4 | Q14: 39 | R14: 6 | S14: 3 | T14: 56 | U14: 2 | V14: 2 | W14: 117 | X14: 1110 | Y14: 260 | Z14: 425 | AA14: 11809 | AB14: 30 | AC14: 2091 | AD14: 703 | AE14: 210 | AF14: 48.95 | AG14: 3 | AH14: 15 | AI14: 18 | AJ14: 220.73 | AK14: 41 | AL14: =AJ14/AK14 -> 5.3836585 | AM14: 25063 | AN14: 0.16 | AO14: 0 | AP14: 0 | AQ14: 0 | AR14: 0 | AS14: 0 | AT14: =AT13 -> 17/18
B15: 12 | C15: Bournemouth | D15: 45 | E15: 61 | F15: -16 | G15: 6 | H15: 55 | I15: 1 | J15: 38.8 | K15: 59.2 | L15: 6.2 | M15: 462 | N15: 462 | O15: 3 | P15: 4 | Q15: 38 | R15: 7 | S15: 0 | T15: 52 | U15: 1 | V15: 3 | W15: 109 | X15: 1129 | Y15: 198 | Z15: 339 | AA15: 13450 | AB15: 37 | AC15: 2257 | AD15: 707 | AE15: 218 | AF15: 34.3 | AG15: 0 | AH15: 15 | AI15: 14 | AJ15: 144.5 | AK15: 25 | AL15: =AJ15/AK15 -> 5.78 | AM15: 10641 | AN15: 0.09 | AO15: 0 | AP15: 0 | AQ15: 0 | AR15: 0 | AS15: 0 | AT15: =AT14 -> 17/18
B16: 13 | C16: West Ham United | D16: 48 | E16: 68 | F16: -20 | G16: 10 | H16: 73 | I16: 2 | J16: 36.7 | K16: 55.1 | L16: 11.3 | M16: 368 | N16: 368 | O16: 2 | P16: 6 | Q16: 39 | R16: 10 | S16: 4 | T16: 97 | U16: 1 | V16: 6 | W16: 119 | X16: 1085 | Y16: 235 | Z16: 379 | AA16: 11779 | AB16: 51 | AC16: 2177 | AD16: 733 | AE16: 161 | AF16: 56.8 | AG16: 69.02 | AH16: 15 | AI16: 25 | AJ16: 260.6 | AK16: 41 | AL16: =AJ16/AK16 -> 6.3560976 | AM16: 56885 | AN16: 0.12 | AO16: 0 | AP16: 0 | AQ16: 0 | AR16: 0 | AS16: 0 | AT16: =AT15 -> 17/18
... B23: 20 | C23: West Bromwich Albion | D23: 31 | E23: 56 | F23: -25 | G23: 10 | H23: 73 | I23: 1 | J23: 36.5 | K23: 47.9 | L23: -5.5 | M23: 377 | N23: 377 | O23: 1 | P23: 10 | Q23: 29 | R23: 2 | S23: 2 | T23: 79 | U23: 2 | V23: 1 | W23: 100 | X23: 1087 | Y23: 218 | Z23: 440 | AA23: 10495 | AB23: 34 | AC23: 2041 | AD23: 784 | AE23: 176 | AF23: 53.5 | AG23: 2.05 | AH23: 17 | AI23: 11 | AJ23: 165.95 | AK23: 33 | AL23: =AJ23/AK23 -> 5.0287879 | AM23: 24520 | AN23: 0.16 | AO23: 0 | AP23: 0 | AQ23: 0 | AR23: 1 | AS23: 0 | AT23: =AT22 -> 17/18

Sheet 2018-2019
B2: Temporada 2018/2019 | D2: General | M2: Ataque | U2: Defensa | AA2: Tipo de juego | AF2: Extra cancha
B3: Posición en la tabla | C3: Equipo | D3: Goles a favor | E3: Goles en contra | F3: Diferencia de goles | G3: Porterias en cero | H3: Tarjetas Amarillas | I3: Tarjetas Rojas | J3: XG F | K3: XG A | L3: G vs XG | M3: Tiros | N3: Tiros a gol | O3: Gol de penal | P3: Gol de cabeza | Q3: Gol dentro del área | R3: Gol fuera del área | S3: Gol de contragolpe | T3: Fueras de lugar | U3: Auotgoles | V3: Penales provocados | W3: Paradas | X3: Despejes | Y3: Barridas | Z3: Faltas | AA3: # de pases | AB3: Pases filtrados | AC3: Pases hacia atrás | AD3: Centros | AE3: Corners | AF3: Dinero gastado en transferencias (Millones de euros) | AG3: Dinero ingresado por transferencias (millones de euros) | AH3: Jugadores nuevos | AI3: Jugadores vendidos | AJ3: Valor de la plantilla | AK3: # de jugadores | AL3: Valor promedio jugadores | AM3: Asistencia promedio al estadio | AN3: % ventaja local | AO3: Competencias Europeas | AP3: Recien ascendido | AQ3: Champions | AR3: Descenso | AS3: Big 6 | AT3: Temporada
A4: Manchester City | B4: 1 | C4: Manchester City | D4: 95 | E4: 23 | F4: 72 | G4: 20 | H4: 44 | I4: 1 | J4: 84.3 | K4: 24.7 | L4: 10.7 | M4: 679 | N4: 252 | O4: 3 | P4: 12 | Q4: 80 | R4: 15 | S4: 5 | T4: 98 | U4: 0 | V4: 4 | W4: 58 | X4: 570 | Y4: 518 | Z4: 328 | AA4: 24678 | AB4: 112 | AC4: 4240 | AD4: 783 | AE4: 298 | AF4: 78.59 | AG4: 57.6 | AH4: 19 | AI4: 22 | AJ4: 1200 | AK4: 46 | AL4: 26.086957 | AM4: 54130 | AN4: 0.09 | AO4: 1 | AP4: 0 | AQ4: 1 | AR4: 0 | AS4: 1 | AT4: 18/19
A5: Liverpool | B5: 2 | C5: Liverpool | D5: 89 | E5: 22 | F5: 67 | G5: 21 | H5: 38 | I5: 2 | J5: 73.7 | K5: 28.8 | L5: 15.3 | M5: 568 | N5: 211 | O5: 7 | P5: 19 | Q5: 84 | R5: 5 | S5: 6 | T5: 77 | U5: 0 | V5: 1 | W5: 74 | X5: 670 | Y5: 613 | Z5: 315 | AA5: 21146 | AB5: 98 | AC5: 3416 | AD5: 721 | AE5: 249 | AF5: 182.2 | AG5: 41.32 | AH5: 18 | AI5: 21 | AJ5: 1170 | AK5: 39 | AL5: 30 | AM5: 52983 | AN5: 0.17 | AO5: 1 | AP5: 0 | AQ5: 1 | AR5: 0 | AS5: 1 | AT5: =AT4 -> 18/19
A6: Chelsea | B6: 3 | C6: Chelsea | D6: 63 | E6: 39 | F6: 24 | G6: 16 | H6: 49 | I6: 0 | J6: 58.6 | K6: 36.4 | L6: 4.4 | M6: 602 | N6: 192 | O6: 5 | P6: 8 | Q6: 54 | R6: 9 | S6: 1 | T6: 83 | U6: 0 | V6: 2 | W6: 84 | X6: 645 | Y6: 618 | Z6: 339 | AA6: 22960 | AB6: 146 | AC6: 3874 | AD6: 692 | AE6: 215 | AF6: 208.8 | AG6: 83.25 | AH6: 30 | AI6: 31 | AJ6: 1170 | AK6: 54 | AL6: 21.666667 | AM6: 40437 | AN6: 0.31 | AO6: 1 | AP6: 0 | AQ6: 1 | AR6: 0 | AS6: 1 | AT6: =AT5 -> 18/19
A7: Tottenham Hotspur | B7: 4 | C7: Tottenham Hotspur | D7: 67 | E7: 39 | F7: 28 | G7: 13 | H7: 56 | I7: 3 | J7: 54.9 | K7: 47.1 | L7: 12.1 | M7: 533 | N7: 182 | O7: 4 | P7: 14 | Q7: 53 | R7: 14 | S7: 5 | T7: 74 | U7: 3 | V7: 5 | W7: 118 | X7: 823 | Y7: 627 | Z7: 376 | AA7: 18808 | AB7: 87 | AC7: 3191 | AD7: 643 | AE7: 194 | AF7: 0 | AG7: 5.35 | AH7: 4 | AI7: 4 | AJ7: 898.6 | AK7: 34 | AL7: 26.429412 | AM7: 54216 | AN7: 0.1 | AO7: 1 | AP7: 0 | AQ7: 1 | AR7: 0 | AS7: 1 | AT7: =AT6 -> 18/19
A8: Arsenal | B8: 5 | C8: Arsenal | D8: 73 | E8: 51 | F8: 22 | G8: 8 | H8: 72 | I8: 2 | J8: 60.1 | K8: 54.2 | L8: 12.9 | M8: 462 | N8: 159 | O8: 4 | P8: 5 | Q8: 62 | R8: 11 | S8: 3 | T8: 89 | U8: 1 | V8: 7 | W8: 132 | X8: 798 | Y8: 609 | Z8: 412 | AA8: 18425 | AB8: 65 | AC8: 3102 | AD8: 605 | AE8: 209 | AF8: 80.15 | AG8: 9.1 | AH8: 17 | AI8: 12 | AJ8: 659.05 | AK8: 42 | AL8: 15.691667 | AM8: 59899 | AN8: 0.26 | AO8: 1 | AP8: 0 | AQ8: 0 | AR8: 0 | AS8: 1 | AT8: =AT7 -> 18/19
A9: Manchester United | B9: 6 | C9: Manchester United | D9: 65 | E9: 54 | F9: 11 | G9: 7 | H9: 73 | I9: 4 | J9: 61.4 | K9: 50.6 | L9: 3.6 | M9: 514 | N9: 210 | O9: 9 | P9: 4 | Q9: 55 | R9: 10 | S9: 4 | T9: 90 | U9: 3 | V9: 6 | W9: 120 | X9: 847 | Y9: 581 | Z9: 433 | AA9: 16834 | AB9: 63 | AC9: 2634 | AD9: 638 | AE9: 200 | AF9: 82.7 | AG9: 30.55 | AH9: 9 | AI9: 10 | AJ9: 797.6 | AK9: 36 | AL9: 22.155556 | AM9: 74498 | AN9: 0.05 | AO9: 1 | AP9: 0 | AQ9: 0 | AR9: 0 | AS9: 1 | AT9: =AT8 -> 18/19
A10: Wolverhampton Wanderers | B10: 7 | C10: Wolverhampton Wanderers | D10: 47 | E10: 46 | F10: 1 | G10: 9 | H10: 72 | I10: 1 | J10: 52.1 | K10: 42.1 | L10: -5.1 | M10: 473 | N10: 144 | O10: 4 | P10: 10 | Q10: 44 | R10: 3 | S10: 5 | T10: 73 | U10: 4 | V10: 4 | W10: 99 | X10: 895 | Y10: 720 | Z10: 409 | AA10: 13961 | AB10: 51 | AC10: 2515 | AD10: 622 | AE10: 195 | AF10: 112.75 | AG10: 23.3 | AH10: 35 | AI10: 46 | AJ10: 302.9 | AK10: 40 | AL10: 7.5725 | AM10: 31030 | AN10: 0.14 | AO10: 0 | AP10: 1 | AQ10: 0 | AR10: 0 | AS10: 0 | AT10: =AT9 -> 18/19
A11: Everton | B11: 8 | C11: Everton | D11: 54 | E11: 46 | F11: 8 | G11: 14 | H11: 55 | I11: 4 | J11: 49.7 | K11: 45.7 | L11: 4.3 | M11: 493 | N11: 163 | O11: 2 | P11: 13 | Q11: 45 | R11: 10 | S11: 3 | T11: 69 | U11: 2 | V11: 5 | W11: 89 | X11: 877 | Y11: 699 | Z11: 432 | AA11: 13878 | AB11: 44 | AC11: 2362 | AD11: 814 | AE11: 215 | AF11: 99.8 | AG11: 28.65 | AH11: 19 | AI11: 23 | AJ11: 529.1 | AK11: 40 | AL11: 13.2275 | AM11: 39043 | AN11: 0.1 | AO11: 0 | AP11: 0 | AQ11: 0 | AR11: 0 | AS11: 0 | AT11: =AT10 -> 18/19
A12: Leicester City | B12: 9 | C12: Leicester City | D12: 51 | E12: 48 | F12: 3 | G12: 10 | H12: 57 | I12: 5 | J12: 52.4 | K12: 43.7 | L12: -1.4 | M12: 508 | N12: 173 | O12: 5 | P12: 9 | Q12: 43 | R12: 8 | S12: 8 | T12: 72 | U12: 0 | V12: 5 | W12: 90 | X12: 1034 | Y12: 675 | Z12: 351 | AA12: 14640 | AB12: 88 | AC12: 2593 | AD12: 779 | AE12: 210 | AF12: 114.6 | AG12: 95.8 | AH12: 16 | AI12: 18 | AJ12: 434.1 | AK12: 37 | AL12: 11.732432 | AM12: 31851 | AN12: 0.06 | AO12: 0 | AP12: 0 | AQ12: 0 | AR12: 0 | AS12: 0 | AT12: =AT11 -> 18/19
A13: West Ham United | B13: 10 | C13: West Ham United | D13: 52 | E13: 55 | F13: -3 | G13: 7 | H13: 59 | I13: 1 | J13: 47.6 | K13: 61.9 | L13: 4.4 | M13: 436 | N13: 149 | O13: 5 | P13: 10 | Q13: 47 | R13: 5 | S13: 3 | T13: 71 | U13: 1 | V13: 5 | W13: 143 | X13: 926 | Y13: 723 | Z13: 331 | AA13: 13847 | AB13: 75 | AC13: 2273 | AD13: 631 | AE13: 188 | AF13: 100.9 | AG13: 13.77 | AH13: 18 | AI13: 13 | AJ13: 359 | AK13: 37 | AL13: 9.7027027 | AM13: 58336 | AN13: 0.13 | AO13: 0 | AP13: 0 | AQ13: 0 | AR13: 0 | AS13: 0 | AT13: =AT12 -> 18/19
A14: Watford | B14: 11 | C14: Watford | D14: 52 | E14: 59 | F14: -7 | G14: 7 | H14: 77 | I14: 4 | J14: 48.2 | K14: 59.2 | L14: 3.8 | M14: 436 | N14: 148 | O14: 1 | P14: 8 | Q14: 44 | R14: 8 | S14: 3 | T14: 89 | U14: 3 | V14: 5 | W14: 123 | X14: 1022 | Y14: 656 | Z14: 433 | AA14: 12550 | AB14: 32 | AC14: 2314 | AD14: 570 | AE14: 177 | AF14: 30.1 | AG14: 51.84 | AH14: 26 | AI14: 27 | AJ14: 239.1 | AK14: 39 | AL14: 6.1307692 | AM14: 20016 | AN14: 0.03 | AO14: 0 | AP14: 0 | AQ14: 0 | AR14: 0 | AS14: 0 | AT14: =AT13 -> 18/19
A15: Crystal Palace | B15: 12 | C15: Crystal Palace | D15: 51 | E15: 53 | F15: -2 | G15: 12 | H15: 58 | I15: 2 | J15: 47.6 | K15: 50.1 | L15: 3.4 | M15: 482 | N15: 135 | O15: 10 | P15: 5 | Q15: 43 | R15: 8 | S15: 2 | T15: 78 | U15: 1 | V15: 5 | W15: 110 | X15: 1011 | Y15: 733 | Z15: 386 | AA15: 12697 | AB15: 26 | AC15: 2233 | AD15: 577 | AE15: 205 | AF15: 11.85 | AG15: 0.35 | AH15: 11 | AI15: 16 | AJ15: 289 | AK15: 36 | AL15: 8.0277778 | AM15: 25455 | AN15: -0.06 | AO15: 0 | AP15: 0 | AQ15: 0 | AR15: 0 | AS15: 0 | AT15: =AT14 -> 18/19
A16: Newcastle United | B16: 13 | C16: Newcastle United | D16: 42 | E16: 48 | F16: -6 | G16: 11 | H16: 57 | I16: 2 | J16: 39.1 | K16: 53.6 | L16: 2.9 | M16: 443 | N16: 136 | O16: 1 | P16: 12 | Q16: 40 | R16: 2 | S16: 1 | T16: 59 | U16: 1 | V16: 6 | W16: 93 | X16: 1204 | Y16: 711 | Z16: 423 | AA16: 10774 | AB16: 50 | AC16: 1999 | AD16: 711 | AE16: 181 | AF16: 59.45 | AG16: 54.05 | AH16: 22 | AI16: 23 | AJ16: 244.65 | AK16: 37 | AL16: 6.6121622 | AM16: 51121 | AN16: 0.05 | AO16: 0 | AP16: 0 | AQ16: 0 | AR16: 0 | AS16: 0 | AT16: =AT15 -> 18/19
... A23: Huddersfield Town | B23: 20 | C23: Huddersfield Town | D23: 22 | E23: 76 | F23: -54 | G23: 5 | H23: 55 | I23: 4 | J23: 28.8 | K23: 60.9 | L23: -6.8 | M23: 400 | N23: 116 | O23: 1 | P23: 8 | Q23: 17 | R23: 5 | S23: 1 | T23: 63 | U23: 1 | V23: 8 | W23: 110 | X23: 682 | Y23: 708 | Z23: 420 | AA23: 13045 | AB23: 23 | AC23: 2492 | AD23: 768 | AE23: 162 | AF23: 50.7 | AG23: 12.33 | AH23: 14 | AI23: 16 | AJ23: 137.45 | AK23: 33 | AL23: 4.1651515 | AM23: 23203 | AN23: 0.05 | AO23: 0 | AP23: 0 | AQ23: 0 | AR23: 1 | AS23: 0 | AT23: =AT22 -> 18/19

Sheet 2019-2020
B2: Temporada 2019/2020 | D2: General | M2: Ataque | U2: Defensa | AA2: Tipo de juego | AF2: Extra cancha
B3: Posición en la tabla | C3: Equipo | D3: Goles a favor | E3: Goles en contra | F3: Diferencia de goles | G3: Porterias en cero | H3: Tarjetas Amarillas | I3: Tarjetas Rojas | J3: XG F | K3: XG A | L3: G vs XG | M3: Tiros | N3: Tiros a gol | O3: Gol de penal | P3: Gol de cabeza | Q3: Gol dentro del área | R3: Gol fuera del área | S3: Gol de contragolpe | T3: Fueras de lugar | U3: Auotgoles | V3: Penales provocados | W3: Paradas | X3: Despejes | Y3: Barridas | Z3: Faltas | AA3: # de pases | AB3: Pases filtrados | AC3: Pases hacia atrás | AD3: Centros | AE3: Corners | AF3: Dinero gastado en transferencias (Millones de euros) | AG3: Dinero ingresado por transferencias (millones de euros) | AH3: Jugadores nuevos | AI3: Jugadores vendidos | AJ3: Valor de la plantilla | AK3: # de jugadores | AL3: Valor promedio jugadores | AM3: Asistencia promedio al estadio | AN3: % ventaja local | AO3: Competencias Europeas | AP3: Recien ascendido | AQ3: Champions | AR3: Descenso | AS3: Big 6 | AT3: Temporada
A4: Liverpool | B4: 1 | C4: Liverpool | D4: 85 | E4: 33 | F4: =D4-E4 -> 52 | G4: 15 | H4: 38 | I4: 1 | J4: 68.9 | K4: 37.7 | L4: 16.1 | M4: 586 | N4: 224 | O4: 5 | P4: 19 | Q4: 72 | R4: 14 | S4: 11 | T4: 53 | U4: 1 | V4: 1 | W4: 75 | X4: 634 | Y4: 550 | Z4: 331 | AA4: 21276 | AB4: 68 | AC4: 3395 | AD4: 896 | AE4: 257 | AF4: 10.4 | AG4: 44.5 | AH4: 15 | AI4: 16 | AJ4: 1000 | AK4: 56 | AL4: =AJ4/AK4 -> 17.857143 | AM4: 41955 | AN4: 0.13 | AO4: 1 | AP4: 0 | AQ4: 1 | AR4: 0 | AS4: 1 | AT4: 19/20
A5: Manchester City | B5: 2 | C5: Manchester City | D5: 102 | E5: 35 | F5: =D5-E5 -> 67 | G5: 17 | H5: 60 | I5: 4 | J5: 92 | K5: 36.2 | L5: 10 | M5: 735 | N5: 250 | O5: 6 | P5: 11 | Q5: 85 | R5: 18 | S5: 4 | T5: 68 | U5: 1 | V5: 3 | W5: 76 | X5: 495 | Y5: 514 | Z5: 362 | AA5: 24557 | AB5: 85 | AC5: 4216 | AD5: 915 | AE5: 298 | AF5: 159.52 | AG5: 71 | AH5: 25 | AI5: 26 | AJ5: 1050 | AK5: 34 | AL5: =AJ5/AK5 -> 30.882353 | AM5: 37097 | AN5: 0.19 | AO5: 1 | AP5: 0 | AQ5: 1 | AR5: 0 | AS5: 1 | AT5: =AT4 -> 19/20
A6: Manchester United | B6: 3 | C6: Manchester United | D6: 66 | E6: 36 | F6: =D6-E6 -> 30 | G6: 13 | H6: 73 | I6: 0 | J6: 62.2 | K6: 37.7 | L6: 3.8 | M6: 530 | N6: 201 | O6: 10 | P6: 5 | Q6: 54 | R6: 12 | S6: 6 | T6: 56 | U6: 1 | V6: 3 | W6: 96 | X6: 703 | Y6: 579 | Z6: 423 | AA6: 17744 | AB6: 64 | AC6: 2790 | AD6: 635 | AE6: 204 | AF6: 234.8 | AG6: 81.18 | AH6: 13 | AI6: 12 | AJ6: 670.45 | AK6: 43 | AL6: =AJ6/AK6 -> 15.59186 | AM6: 57415 | AN6: 0.14 | AO6: 1 | AP6: 0 | AQ6: 1 | AR6: 0 | AS6: 1 | AT6: =AT5 -> 19/20
A7: Chelsea | B7: 4 | C7: Chelsea | D7: 69 | E7: 54 | F7: =D7-E7 -> 15 | G7: 9 | H7: 60 | I7: 0 | J7: 69.2 | K7: 38.6 | L7: -0.2 | M7: 618 | N7: 210 | O7: 7 | P7: 9 | Q7: 59 | R7: 10 | S7: 8 | T7: 63 | U7: 3 | V7: 2 | W7: 64 | X7: 631 | Y7: 638 | Z7: 386 | AA7: 20958 | AB7: 61 | AC7: 3668 | AD7: 862 | AE7: 247 | AF7: 45 | AG7: 157.27 | AH7: 22 | AI7: 29 | AJ7: 705.85 | AK7: 36 | AL7: =AJ7/AK7 -> 19.606944 | AM7: 32023 | AN7: 0.14 | AO7: 1 | AP7: 0 | AQ7: 1 | AR7: 0 | AS7: 1 | AT7: =AT6 -> 19/20
A8: Leicester City | B8: 5 | C8: Leicester City | D8: 67 | E8: 41 | F8: =D8-E8 -> 26 | G8: 13 | H8: 41 | I8: 3 | J8: 62.2 | K8: 45.5 | L8: 4.8 | M8: 533 | N8: 183 | O8: 5 | P8: 11 | Q8: 59 | R8: 9 | S8: 9 | T8: 64 | U8: 2 | V8: 10 | W8: 94 | X8: 767 | Y8: 742 | Z8: 418 | AA8: 17600 | AB8: 68 | AC8: 2975 | AD8: 779 | AE8: 221 | AF8: 104.3 | AG8: 88.5 | AH8: 13 | AI8: 13 | AJ8: 411.1 | AK8: 32 | AL8: =AJ8/AK8 -> 12.846875 | AM8: 25312 | AN8: 0.12 | AO8: 0 | AP8: 0 | AQ8: 0 | AR8: 0 | AS8: 0 | AT8: =AT7 -> 19/20
A9: Tottenham Hotspur | B9: 6 | C9: Tottenham Hotspur | D9: 61 | E9: 47 | F9: =D9-E9 -> 14 | G9: 8 | H9: 82 | I9: 3 | J9: 47.9 | K9: 54.2 | L9: 13.1 | M9: 440 | N9: 154 | O9: 3 | P9: 8 | Q9: 55 | R9: 6 | S9: 8 | T9: 66 | U9: 2 | V9: 7 | W9: 134 | X9: 894 | Y9: 665 | Z9: 423 | AA9: 16101 | AB9: 79 | AC9: 2584 | AD9: 641 | AE9: 200 | AF9: 148.5 | AG9: 64.5 | AH9: 12 | AI9: 14 | AJ9: 806.6 | AK9: 36 | AL9: =AJ9/AK9 -> 22.405556 | AM9: 43757 | AN9: 0.23 | AO9: 1 | AP9: 0 | AQ9: 0 | AR9: 0 | AS9: 1 | AT9: =AT8 -> 19/20
A10: Wolverhampton Wanderers | B10: 7 | C10: Wolverhampton Wanderers | D10: 52 | E10: 40 | F10: =D10-E10 -> 12 | G10: 13 | H10: 57 | I10: 2 | J10: 54.1 | K10: 38 | L10: -2.1 | M10: 457 | N10: 142 | O10: 4 | P10: 10 | Q10: 46 | R10: 7 | S10: 6 | T10: 49 | U10: 1 | V10: 3 | W10: 88 | X10: 702 | Y10: 646 | Z10: 407 | AA10: 14298 | AB10: 40 | AC10: 2601 | AD10: 718 | AE10: 193 | AF10: 116.7 | AG10: 24.1 | AH10: 28 | AI10: 26 | AJ10: 320.33 | AK10: 44 | AL10: =AJ10/AK10 -> 7.2802273 | AM10: 24758 | AN10: 0.06 | AO10: 1 | AP10: 0 | AQ10: 0 | AR10: 0 | AS10: 0 | AT10: =AT9 -> 19/20
A11: Arsenal | B11: 8 | C11: Arsenal | D11: 56 | E11: 48 | F11: =D11-E11 -> 8 | G11: 10 | H11: 86 | I11: 5 | J11: 47 | K11: 55.3 | L11: 9 | M11: 403 | N11: 146 | O11: 3 | P11: 5 | Q11: 51 | R11: 5 | S11: 2 | T11: 73 | U11: 0 | V11: 8 | W11: 144 | X11: 754 | Y11: 584 | Z11: 421 | AA11: 16634 | AB11: 67 | AC11: 3032 | AD11: 699 | AE11: 231 | AF11: 160.8 | AG11: 53.65 | AH11: 16 | AI11: 19 | AJ11: 607.65 | AK11: 38 | AL11: =AJ11/AK11 -> 15.990789 | AM11: 47589 | AN11: 0 | AO11: 1 | AP11: 0 | AQ11: 0 | AR11: 0 | AS11: 1 | AT11: =AT10 -> 19/20
A12: Sheffield Utd | B12: 9 | C12: Sheffield United | D12: 39 | E12: 39 | F12: =D12-E12 -> 0 | G12: 13 | H12: 61 | I12: 3 | J12: 43 | K12: 51 | L12: -4 | M12: 352 | N12: 109 | O12: 1 | P12: 5 | Q12: 38 | R12: 1 | S12: 3 | T12: 78 | U12: 0 | V12: 3 | W12: 99 | X12: 931 | Y12: 611 | Z12: 412 | AA12: 12125 | AB12: 15 | AC12: 2312 | AD12: 866 | AE12: 212 | AF12: 70.5 | AG12: 0.35 | AH12: 23 | AI12: 21 | AJ12: 138.6 | AK12: 34 | AL12: =AJ12/AK12 -> 4.0764706 | AM12: 24370 | AN12: 0.23 | AO12: 0 | AP12: 1 | AQ12: 0 | AR12: 0 | AS12: 0 | AT12: =AT11 -> 19/20
A13: Burnley | B13: 10 | C13: Burnley | D13: 43 | E13: 50 | F13: =D13-E13 -> -7 | G13: 15 | H13: 67 | I13: 0 | J13: 47.4 | K13: 49.8 | L13: -4.4 | M13: 384 | N13: 124 | O13: 3 | P13: 12 | Q13: 37 | R13: 6 | S13: 2 | T13: 89 | U13: 1 | V13: 5 | W13: 117 | X13: 901 | Y13: 547 | Z13: 412 | AA13: 10049 | AB13: 29 | AC13: 1983 | AD13: 743 | AE13: 170 | AF13: 23.85 | AG13: 13.55 | AH13: 8 | AI13: 10 | AJ13: 163.88 | AK13: 35 | AL13: =AJ13/AK13 -> 4.6822857 | AM13: 15995 | AN13: 0.1 | AO13: 0 | AP13: 0 | AQ13: 0 | AR13: 0 | AS13: 0 | AT13: =AT12 -> 19/20
A14: Southampton | B14: 11 | C14: Southampton | D14: 51 | E14: 60 | F14: =D14-E14 -> -9 | G14: 9 | H14: 53 | I14: 4 | J14: 56.1 | K14: 52.8 | L14: -5.1 | M14: 494 | N14: 171 | O14: 2 | P14: 4 | Q14: 39 | R14: 12 | S14: 2 | T14: 58 | U14: 1 | V14: 4 | W14: 108 | X14: 867 | Y14: 706 | Z14: 450 | AA14: 12488 | AB14: 27 | AC14: 2400 | AD14: 690 | AE14: 210 | AF14: 61.5 | AG14: 27.3 | AH14: 14 | AI14: 17 | AJ14: 210.75 | AK14: 36 | AL14: =AJ14/AK14 -> 5.8541667 | AM14: 23428 | AN14: -0.17 | AO14: 0 | AP14: 0 | AQ14: 0 | AR14: 0 | AS14: 0 | AT14: =AT13 -> 19/20
A15: Everton | B15: 12 | C15: Everton | D15: 44 | E15: 56 | F15: =D15-E15 -> -12 | G15: 9 | H15: 70 | I15: 3 | J15: 50.8 | K15: 48.3 | L15: -6.8 | M15: 468 | N15: 159 | O15: 1 | P15: 16 | Q15: 43 | R15: 1 | S15: 3 | T15: 58 | U15: 3 | V15: 4 | W15: 94 | X15: 778 | Y15: 671 | Z15: 472 | AA15: 13433 | AB15: 55 | AC15: 2275 | AD15: 804 | AE15: 203 | AF15: 121 | AG15: 87.8 | AH15: 22 | AI15: 22 | AJ15: 420.55 | AK15: 35 | AL15: =AJ15/AK15 -> 12.015714 | AM15: 28848 | AN15: 0.17 | AO15: 0 | AP15: 0 | AQ15: 0 | AR15: 0 | AS15: 0 | AT15: =AT14 -> 19/20
A16: Newcastle United | B16: 13 | C16: Newcastle United | D16: 38 | E16: 58 | F16: =D16-E16 -> -20 | G16: 11 | H16: 66 | I16: 3 | J16: 35.5 | K16: 65.6 | L16: 2.5 | M16: 398 | N16: 132 | O16: 0 | P16: 7 | Q16: 34 | R16: 4 | S16: 2 | T16: 75 | U16: 2 | V16: 2 | W16: 139 | X16: 988 | Y16: 603 | Z16: 370 | AA16: 10606 | AB16: 18 | AC16: 2015 | AD16: 591 | AE16: 151 | AF16: 72.9 | AG16: 35.64 | AH16: 13 | AI16: 11 | AJ16: 252.48 | AK16: 41 | AL16: =AJ16/AK16 -> 6.1580488 | AM16: 35551 | AN16: 0.16 | AO16: 0 | AP16: 0 | AQ16: 0 | AR16: 0 | AS16: 0 | AT16: =AT15 -> 19/20
... A23: Norwich City | B23: 20 | C23: Norwich City | D23: 26 | E23: 75 | F23: =D23-E23 -> -49 | G23: 5 | H23: 68 | I23: 3 | J23: 37 | K23: 66.5 | L23: -11 | M23: 407 | N23: 126 | O23: 2 | P23: 1 | Q23: 24 | R23: 2 | S23: 0 | T23: 50 | U23: 3 | V23: 7 | W23: 135 | X23: 959 | Y23: 628 | Z23: 363 | AA23: 14965 | AB23: 47 | AC23: 3005 | AD23: 473 | AE23: 162 | AF23: 8.82 | AG23: 2.2 | AH23: 23 | AI23: 28 | AJ23: 145.33 | AK23: 38 | AL23: =AJ23/AK23 -> 3.8244737 | AM23: 19913 | AN23: 0.43 | AO23: 0 | AP23: 1 | AQ23: 0 | AR23: 1 | AS23: 0 | AT23: =AT22 -> 19/20

Sheet 2020-2021
B2: Temporada 2020/2021 | D2: General | M2: Ataque | U2: Defensa | AA2: Tipo de juego | AF2: Extra cancha
B3: Posición en la tabla | C3: Equipo | D3: Goles a favor | E3: Goles en contra | F3: Diferencia de goles | G3: Porterias en cero | H3: Tarjetas Amarillas | I3: Tarjetas Rojas | J3: XG F | K3: XG A | L3: G vs XG | M3: Tiros | N3: Tiros a gol | O3: Gol de penal | P3: Gol de cabeza | Q3: Gol dentro del área | R3: Gol fuera del área | S3: Gol de contragolpe | T3: Fueras de lugar | U3: Auotgoles | V3: Penales provocados | W3: Paradas | X3: Despejes | Y3: Barridas | Z3: Faltas | AA3: # de pases | AB3: Pases filtrados | AC3: Pases hacia atrás | AD3: Centros | AE3: Corners | AF3: Dinero gastado en transferencias (Millones de euros) | AG3: Dinero ingresado por transferencias (millones de euros) | AH3: Jugadores nuevos | AI3: Jugadores vendidos | AJ3: Valor de la plantilla | AK3: # de jugadores | AL3: Valor promedio jugadores | AM3: Asistencia promedio al estadio | AN3: % ventaja local | AO3: Competencias Europeas | AP3: Recien ascendido | AQ3: Champions | AR3: Descenso | AS3: Big 6 | AT3: Temporada
A4: Manchester City | B4: 1 | C4: Manchester City | D4: 83 | E4: 32 | F4: =D4-E4 -> 51 | G4: 19 | H4: 46 | I4: 2 | J4: 68.2 | K4: 30.2 | L4: =D4-J4 -> 14.8 | M4: 590 | N4: 211 | O4: 5 | P4: 10 | Q4: 73 | R4: 10 | S4: 3 | T4: 57 | U4: 1 | V4: 10 | W4: 67 | X4: 453 | Y4: 498 | Z4: 361 | AA4: 23819 | AB4: 38 | AC4: 4275 | AD4: 632 | AE4: 247 | AF4: 172.3 | AG4: 76.65 | AH4: 28 | AI4: 27 | AJ4: 1040 | AK4: 36 | AL4: =AJ4/AK4 -> 28.888889 | AM4: 526 | AN4: -0.01 | AO4: 1 | AP4: 0 | AQ4: 1 | AR4: 0 | AS4: 1 | AT4: 20/21
A5: Manchester United | B5: 2 | C5: Manchester United | D5: 73 | E5: 44 | F5: =D5-E5 -> 29 | G5: 13 | H5: 64 | I5: 1 | J5: 60.1 | K5: 41.4 | L5: =D5-J5 -> 12.9 | M5: 515 | N5: 196 | O5: 10 | P5: 13 | Q5: 65 | R5: 8 | S5: 6 | T5: 76 | U5: 2 | V5: 4 | W5: 98 | X5: 634 | Y5: 551 | Z5: 452 | AA5: 18800 | AB5: 34 | AC5: 3080 | AD5: 640 | AE5: 197 | AF5: 140 | AG5: 30.7 | AH5: 17 | AI5: 17 | AJ5: 770.5 | AK5: 39 | AL5: =AJ5/AK5 -> 19.75641 | AM5: 526 | AN5: -0.12 | AO5: 1 | AP5: 0 | AQ5: 1 | AR5: 0 | AS5: 1 | AT5: =AT4 -> 20/21
A6: Liverpool | B6: 3 | C6: Liverpool | D6: 68 | E6: 42 | F6: =D6-E6 -> 26 | G6: 12 | H6: 40 | I6: 0 | J6: 67.5 | K6: 43 | L6: =D6-J6 -> 0.5 | M6: 602 | N6: 204 | O6: 6 | P6: 15 | Q6: 62 | R6: 6 | S6: 5 | T6: 65 | U6: 0 | V6: 8 | W6: 97 | X6: 563 | Y6: 526 | Z6: 396 | AA6: 21929 | AB6: 44 | AC6: 3472 | AD6: 862 | AE6: 257 | AF6: 82.65 | AG6: 17.2 | AH6: 16 | AI6: 13 | AJ6: 969.65 | AK6: 43 | AL6: =AJ6/AK6 -> 22.55 | AM6: 837 | AN6: -0.05 | AO6: 1 | AP6: 0 | AQ6: 1 | AR6: 0 | AS6: 1 | AT6: =AT5 -> 20/21
A7: Chelsea | B7: 4 | C7: Chelsea | D7: 58 | E7: 36 | F7: =D7-E7 -> 22 | G7: 18 | H7: 50 | I7: 3 | J7: 62.4 | K7: 30.3 | L7: =D7-J7 -> -4.4 | M7: 546 | N7: 193 | O7: 8 | P7: 9 | Q7: 55 | R7: 3 | S7: 2 | T7: 79 | U7: 1 | V7: 4 | W7: 71 | X7: 661 | Y7: 612 | Z7: 433 | AA7: 21969 | AB7: 29 | AC7: 3889 | AD7: 749 | AE7: 226 | AF7: 247.2 | AG7: 57.4 | AH7: 31 | AI7: 26 | AJ7: 889.2 | AK7: 39 | AL7: =AJ7/AK7 -> 22.8 | AM7: 526 | AN7: 0 | AO7: 1 | AP7: 0 | AQ7: 1 | AR7: 0 | AS7: 1 | AT7: =AT6 -> 20/21
A8: Leicester City | B8: 5 | C8: Leicester City | D8: 68 | E8: 50 | F8: =D8-E8 -> 18 | G8: 11 | H8: 61 | I8: 0 | J8: 55.8 | K8: 46 | L8: =D8-J8 -> 12.2 | M8: 473 | N8: 170 | O8: 10 | P8: 7 | Q8: 56 | R8: 3 | S8: 4 | T8: 71 | U8: 2 | V8: 4 | W8: 88 | X8: 685 | Y8: 681 | Z8: 413 | AA8: 17014 | AB8: 35 | AC8: 2955 | AD8: 649 | AE8: 212 | AF8: 59.4 | AG8: 53.77 | AH8: 19 | AI8: 18 | AJ8: 510.7 | AK8: 40 | AL8: =AJ8/AK8 -> 12.7675 | AM8: 421 | AN8: -0.1 | AO8: 1 | AP8: 0 | AQ8: 0 | AR8: 0 | AS8: 0 | AT8: =AT7 -> 20/21
A9: West Ham United | B9: 6 | C9: West Ham United | D9: 62 | E9: 47 | F9: =D9-E9 -> 15 | G9: 11 | H9: 48 | I9: 3 | J9: 55.4 | K9: 48.7 | L9: =D9-J9 -> 6.6 | M9: 464 | N9: 158 | O9: 2 | P9: 15 | Q9: 59 | R9: 3 | S9: 6 | T9: 74 | U9: 4 | V9: 5 | W9: 103 | X9: 779 | Y9: 514 | Z9: 375 | AA9: 12725 | AB9: 15 | AC9: 2230 | AD9: 775 | AE9: 167 | AF9: 54.7 | AG9: 45.41 | AH9: 16 | AI9: 17 | AJ9: 334.9 | AK9: 39 | AL9: =AJ9/AK9 -> 8.5871795 | AM9: 632 | AN9: 0.05 | AO9: 0 | AP9: 0 | AQ9: 0 | AR9: 0 | AS9: 0 | AT9: =AT8 -> 20/21
A10: Tottenham Hotspur | B10: 7 | C10: Tottenham Hotspur | D10: 68 | E10: 45 | F10: =D10-E10 -> 23 | G10: 12 | H10: 53 | I10: 2 | J10: 53.1 | K10: 49.1 | L10: =D10-J10 -> 14.9 | M10: 438 | N10: 167 | O10: 5 | P10: 10 | Q10: 58 | R10: 10 | S10: 5 | T10: 45 | U10: 3 | V10: 10 | W10: 113 | X10: 795 | Y10: 636 | Z10: 440 | AA10: 16508 | AB10: 28 | AC10: 2850 | AD10: 526 | AE10: 168 | AF10: 110.5 | AG10: 13.3 | AH10: 15 | AI10: 11 | AJ10: 703.5 | AK10: 41 | AL10: =AJ10/AK10 -> 17.158537 | AM10: 632 | AN10: 0.07 | AO10: 1 | AP10: 0 | AQ10: 0 | AR10: 0 | AS10: 1 | AT10: =AT9 -> 20/21
A11: Arsenal | B11: 8 | C11: Arsenal | D11: 55 | E11: 39 | F11: =D11-E11 -> 16 | G11: 12 | H11: 47 | I11: 5 | J11: 51.8 | K11: 43 | L11: =D11-J11 -> 3.2 | M11: 453 | N11: 140 | O11: 6 | P11: 7 | Q11: 52 | R11: 3 | S11: 1 | T11: 61 | U11: 4 | V11: 3 | W11: 93 | X11: 643 | Y11: 456 | Z11: 346 | AA11: 18041 | AB11: 34 | AC11: 3274 | AD11: 751 | AE11: 207 | AF11: 86 | AG11: 19.15 | AH11: 16 | AI11: 16 | AJ11: 619.25 | AK11: 42 | AL11: =AJ11/AK11 -> 14.744048 | AM11: 632 | AN11: -0.11 | AO11: 1 | AP11: 0 | AQ11: 0 | AR11: 0 | AS11: 1 | AT11: =AT10 -> 20/21
A12: Leeds United | B12: 9 | C12: Leeds United | D12: 62 | E12: 54 | F12: =D12-E12 -> 8 | G12: 12 | H12: 61 | I12: 1 | J12: 55.6 | K12: 57.9 | L12: =D12-J12 -> 6.4 | M12: 518 | N12: 193 | O12: 4 | P12: 9 | Q12: 48 | R12: 14 | S12: 7 | T12: 76 | U12: 2 | V12: 9 | W12: 145 | X12: 646 | Y12: 740 | Z12: 432 | AA12: 16284 | AB12: 27 | AC12: 2666 | AD12: 786 | AE12: 229 | AF12: 106.8 | AG12: 0 | AH12: 16 | AI12: 17 | AJ12: 238.1 | AK12: 39 | AL12: =AJ12/AK12 -> 6.1051282 | AM12: 421 | AN12: 0.06 | AO12: 0 | AP12: 1 | AQ12: 0 | AR12: 0 | AS12: 0 | AT12: =AT11 -> 20/21
A13: Everton | B13: 10 | C13: Everton | D13: 47 | E13: 48 | F13: =D13-E13 -> -1 | G13: 12 | H13: 59 | I13: 2 | J13: 45.7 | K13: 50.1 | L13: =D13-J13 -> 1.3 | M13: 395 | N13: 143 | O13: 4 | P13: 15 | Q13: 44 | R13: 3 | S13: 0 | T13: 65 | U13: 1 | V13: 4 | W13: 114 | X13: 847 | Y13: 640 | Z13: 386 | AA13: 14792 | AB13: 28 | AC13: 2693 | AD13: 662 | AE13: 167 | AF13: 73.37 | AG13: 4.43 | AH13: 20 | AI13: 20 | AJ13: 511.2 | AK13: 44 | AL13: =AJ13/AK13 -> 11.618182 | AM13: 368 | AN13: -0.08 | AO13: 0 | AP13: 0 | AQ13: 0 | AR13: 0 | AS13: 0 | AT13: =AT12 -> 20/21
A14: Aston Villa | B14: 11 | C14: Aston Villa | D14: 55 | E14: 46 | F14: =D14-E14 -> 9 | G14: 15 | H14: 63 | I14: 4 | J14: 52.5 | K14: 51.1 | L14: =D14-J14 -> 2.5 | M14: 514 | N14: 178 | O14: 5 | P14: 7 | Q14: 47 | R14: 8 | S14: 4 | T14: 71 | U14: 1 | V14: 6 | W14: 133 | X14: 783 | Y14: 530 | Z14: 439 | AA14: 12938 | AB14: 12 | AC14: 2308 | AD14: 779 | AE14: 213 | AF14: 101.35 | AG14: 2.77 | AH14: 12 | AI14: 15 | AJ14: 430.75 | AK14: 53 | AL14: =AJ14/AK14 -> 8.1273585 | AM14: 526 | AN14: -0.06 | AO14: 0 | AP14: 0 | AQ14: 0 | AR14: 0 | AS14: 0 | AT14: =AT13 -> 20/21
A15: Newcastle United | B15: 12 | C15: Newcastle United | D15: 46 | E15: 62 | F15: =D15-E15 -> -16 | G15: 7 | H15: 61 | I15: 3 | J15: 43.4 | K15: 58.3 | L15: =D15-J15 -> 2.6 | M15: 390 | N15: 130 | O15: 6 | P15: 9 | Q15: 43 | R15: 3 | S15: 3 | T15: 58 | U15: 3 | V15: 5 | W15: 128 | X15: 908 | Y15: 512 | Z15: 388 | AA15: 10839 | AB15: 12 | AC15: 2088 | AD15: 652 | AE15: 161 | AF15: 39 | AG15: 0.275 | AH15: 11 | AI15: 15 | AJ15: 255.75 | AK15: 33 | AL15: =AJ15/AK15 -> 7.75 | AM15: 526 | AN15: 0.03 | AO15: 0 | AP15: 0 | AQ15: 0 | AR15: 0 | AS15: 0 | AT15: =AT14 -> 20/21
A16: Wolverhampton Wanderers | B16: 13 | C16: Wolverhampton Wanderers | D16: 36 | E16: 52 | F16: =D16-E16 -> -16 | G16: 10 | H16: 53 | I16: 1 | J16: 36.5 | K16: 49.5 | L16: =D16-J16 -> -0.5 | M16: 459 | N16: 149 | O16: 4 | P16: 8 | Q16: 34 | R16: 3 | S16: 2 | T16: 37 | U16: 3 | V16: 8 | W16: 102 | X16: 727 | Y16: 588 | Z16: 426 | AA16: 15548 | AB16: 20 | AC16: 2943 | AD16: 775 | AE16: 208 | AF16: 87.8 | AG16: 79.2 | AH16: 21 | AI16: 24 | AJ16: 450.3 | AK16: 38 | AL16: =AJ16/AK16 -> 11.85 | AM16: 237 | AN16: 0.11 | AO16: 0 | AP16: 0 | AQ16: 0 | AR16: 0 | AS16: 0 | AT16: =AT15 -> 20/21
... A23: Sheffield Utd | B23: 20 | C23: Sheffield United | D23: 20 | E23: 63 | F23: =D23-E23 -> -43 | G23: 5 | H23: 73 | I23: 3 | J23: 32.6 | K23: 62.2 | L23: =D23-J23 -> -12.6 | M23: 319 | N23: 92 | O23: 3 | P23: 4 | Q23: 18 | R23: 2 | S23: 0 | T23: 73 | U23: 3 | V23: 4 | W23: 145 | X23: 839 | Y23: 634 | Z23: 459 | AA23: 12146 | AB23: 13 | AC23: 2405 | AD23: 666 | AE23: 170 | AF23: 62.7 | AG23: 0 | AH23: 16 | AI23: 19 | AJ23: 149.85 | AK23: 40 | AL23: =AJ23/AK23 -> 3.74625 | AM23: 263 | AN23: 0.17 | AO23: 0 | AP23: 0 | AQ23: 0 | AR23: 1 | AS23: 0 | AT23: =AT22 -> 20/21

Sheet 2021-2022
B2: Temporada 2021/2022 | D2: General | M2: Ataque | U2: Defensa | AA2: Tipo de juego | AF2: Extra cancha
B3: Posición en la tabla | C3: Equipo | D3: Goles a favor | E3: Goles en contra | F3: Diferencia de goles | G3: Porterias en cero | H3: Tarjetas Amarillas | I3: Tarjetas Rojas | J3: XG F | K3: XG A | L3: G vs XG | M3: Tiros | N3: Tiros a gol | O3: Gol de penal | P3: Gol de cabeza | Q3: Gol dentro del área | R3: Gol fuera del área | S3: Gol de contragolpe | T3: Fueras de lugar | U3: Auotgoles | V3: Penales provocados | W3: Paradas | X3: Despejes | Y3: Barridas | Z3: Faltas | AA3: # de pases | AB3: Pases filtrados | AC3: Pases hacia atrás | AD3: Centros | AE3: Corners | AF3: Dinero gastado en transferencias (Millones de euros) | AG3: Dinero ingresado por transferencias (millones de euros) | AH3: Jugadores nuevos | AI3: Jugadores vendidos | AJ3: Valor de la plantilla | AK3: # de jugadores | AL3: Valor promedio jugadores | AM3: Asistencia promedio al estadio | AN3: % ventaja local | AO3: Competencias Europeas | AP3: Recien ascendido | AQ3: Champions | AR3: Descenso | AS3: Big 6 | AT3: Temporada
B4: 1 | C4: Manchester City | D4: 99 | E4: 26 | F4: 73 | G4: 21 | H4: 42 | I4: 1 | J4: 88.7 | K4: 24.6 | L4: 10.3 | M4: 704 | N4: 237 | O4: 7 | P4: 15 | Q4: 84 | R4: 15 | S4: 2 | T4: 66 | U4: 0 | V4: 1 | W4: 59 | X4: 227 | Y4: 403 | Z4: 321 | AA4: 24406 | AB4: 102 | AC4: 4426 | AD4: 869 | AE4: 316 | AF4: 138.9 | AG4: 93.8 | AH4: 21 | AI4: 24 | AJ4: 1000 | AK4: 39 | AL4: 25.641026 | AM4: 52774 | AN4: 0.01 | AO4: 1 | AP4: 0 | AQ4: 1 | AR4: 0 | AS4: 1 | AT4: 21/22
B5: 2 | C5: Liverpool | D5: 94 | E5: 26 | F5: 68 | G5: 21 | H5: 50 | I5: 1 | J5: 88.7 | K5: 33.8 | L5: 5.3 | M5: 721 | N5: 237 | O5: 7 | P5: 16 | Q5: 86 | R5: 8 | S5: 5 | T5: 63 | U5: 1 | V5: 0 | W5: 82 | X5: 523 | Y5: 523 | Z5: 363 | AA5: 21163 | AB5: 112 | AC5: 3505 | AD5: 897 | AE5: 282 | AF5: 87 | AG5: 29.55 | AH5: 14 | AI5: 12 | AJ5: 918.9 | AK5: 49 | AL5: 18.753061 | AM5: 53352 | AN5: 0.18 | AO5: 1 | AP5: 0 | AQ5: 1 | AR5: 0 | AS5: 1 | AT5: 21/22
B6: 3 | C6: Chelsea | D6: 76 | E6: 33 | F6: 43 | G6: 16 | H6: 63 | I6: 1 | J6: 63.4 | K6: 33.2 | L6: 12.6 | M6: 583 | N6: 200 | O6: 8 | P6: 12 | Q6: 63 | R6: 14 | S6: 0 | T6: 69 | U6: 1 | V6: 6 | W6: 83 | X6: 641 | Y6: 641 | Z6: 409 | AA6: 21190 | AB6: 77 | AC6: 3698 | AD6: 745 | AE6: 241 | AF6: 118 | AG6: 148.9 | AH6: 21 | AI6: 23 | AJ6: 914.5 | AK6: 44 | AL6: 20.784091 | AM6: 36443 | AN6: -0.18 | AO6: 1 | AP6: 0 | AQ6: 1 | AR6: 0 | AS6: 1 | AT6: 21/22
B7: 4 | C7: Tottenham Hotspur | D7: 69 | E7: 40 | F7: 29 | G7: 16 | H7: 69 | I7: 1 | J7: 61.2 | K7: 39.3 | L7: 7.8 | M7: 486 | N7: 185 | O7: 5 | P7: 8 | Q7: 62 | R7: 8 | S7: 4 | T7: 62 | U7: 1 | V7: 2 | W7: 98 | X7: 793 | Y7: 793 | Z7: 386 | AA7: 17204 | AB7: 88 | AC7: 2825 | AD7: 632 | AE7: 193 | AF7: 95.9 | AG7: 34.62 | AH7: 14 | AI7: 19 | AJ7: 689.35 | AK7: 45 | AL7: 15.318889 | AM7: 56523 | AN7: 0.08 | AO7: 1 | AP7: 0 | AQ7: 1 | AR7: 0 | AS7: 1 | AT7: 21/22
B8: 5 | C8: Arsenal | D8: 61 | E8: 48 | F8: 13 | G8: 13 | H8: 67 | I8: 4 | J8: 60.5 | K8: 45.7 | L8: 0.5 | M8: 581 | N8: 186 | O8: 5 | P8: 9 | Q8: 52 | R8: 10 | S8: 6 | T8: 66 | U8: 1 | V8: 6 | W8: 100 | X8: 658 | Y8: 658 | Z8: 365 | AA8: 16176 | AB8: 77 | AC8: 2876 | AD8: 633 | AE8: 208 | AF8: 167.42 | AG8: 31.4 | AH8: 13 | AI8: 20 | AJ8: 613.05 | AK8: 41 | AL8: 14.952439 | AM8: 59665 | AN8: 0.22 | AO8: 0 | AP8: 0 | AQ8: 0 | AR8: 0 | AS8: 1 | AT8: 21/22
B9: 6 | C9: Manchester United | D9: 57 | E9: 57 | F9: 0 | G9: 8 | H9: 77 | I9: 2 | J9: 55.8 | K9: 53 | L9: 1.2 | M9: 503 | N9: 179 | O9: 3 | P9: 7 | Q9: 49 | R9: 8 | S9: 0 | T9: 88 | U9: 3 | V9: 5 | W9: 124 | X9: 704 | Y9: 704 | Z9: 396 | AA9: 16690 | AB9: 80 | AC9: 2810 | AD9: 659 | AE9: 197 | AF9: 142 | AG9: 31.1 | AH9: 17 | AI9: 14 | AJ9: 769.15 | AK9: 43 | AL9: 17.887209 | AM9: 73150 | AN9: 0.18 | AO9: 1 | AP9: 0 | AQ9: 0 | AR9: 0 | AS9: 1 | AT9: 21/22
B10: 7 | C10: West Ham United | D10: 60 | E10: 51 | F10: 9 | G10: 8 | H10: 52 | I10: 3 | J10: 51.4 | K10: 53.5 | L10: 8.6 | M10: 443 | N10: 142 | O10: 4 | P10: 8 | Q10: 52 | R10: 9 | S10: 6 | T10: 59 | U10: 2 | V10: 6 | W10: 113 | X10: 781 | Y10: 781 | Z10: 323 | AA10: 14326 | AB10: 29 | AC10: 2533 | AD10: 802 | AE10: 200 | AF10: 74.5 | AG10: 4.24 | AH10: 10 | AI10: 8 | AJ10: 354.9 | AK10: 36 | AL10: 9.8583333 | AM10: 58370 | AN10: 0.04 | AO10: 1 | AP10: 0 | AQ10: 0 | AR10: 0 | AS10: 0 | AT10: 21/22
B11: 8 | C11: Leicester City | D11: 62 | E11: 59 | F11: 3 | G11: 7 | H11: 55 | I11: 1 | J11: 47.8 | K11: 59.3 | L11: 14.2 | M11: 433 | N11: 164 | O11: 2 | P11: 5 | Q11: 55 | R11: 7 | S11: 4 | T11: 60 | U11: 1 | V11: 9 | W11: 132 | X11: 777 | Y11: 777 | Z11: 356 | AA11: 16129 | AB11: 65 | AC11: 2765 | AD11: 556 | AE11: 185 | AF11: 67.6 | AG11: 4 | AH11: 11 | AI11: 11 | AJ11: 526.55 | AK11: 40 | AL11: 13.16375 | AM11: 32493 | AN11: 0.16 | AO11: 1 | AP11: 0 | AQ11: 0 | AR11: 0 | AS11: 0 | AT11: 21/22
B12: 9 | C12: Brighton and Hove Albion | D12: 42 | E12: 44 | F12: -2 | G12: 11 | H12: 72 | I12: 2 | J12: 46.2 | K12: 42.9 | L12: -4.2 | M12: 482 | N12: 141 | O12: 4 | P12: 8 | Q12: 34 | R12: 8 | S12: 2 | T12: 53 | U12: 0 | V12: 4 | W12: 102 | X12: 723 | Y12: 723 | Z12: 393 | AA12: 16410 | AB12: 58 | AC12: 3069 | AD12: 728 | AE12: 200 | AF12: 75 | AG12: 78.8 | AH12: 26 | AI12: 29 | AJ12: 318 | AK12: 43 | AL12: 7.3953488 | AM12: 30966 | AN12: -0.07 | AO12: 0 | AP12: 0 | AQ12: 0 | AR12: 0 | AS12: 0 | AT12: 21/22
B13: 10 | C13: Wolverhampton Wanderers | D13: 38 | E13: 43 | F13: -5 | G13: 11 | H13: 62 | I13: 2 | J13: 37.5 | K13: 56.9 | L13: 0.5 | M13: 401 | N13: 133 | O13: 1 | P13: 5 | Q13: 30 | R13: 8 | S13: 4 | T13: 61 | U13: 1 | V13: 10 | W13: 125 | X13: 820 | Y13: 820 | Z13: 366 | AA13: 15253 | AB13: 58 | AC13: 2665 | AD13: 587 | AE13: 168 | AF13: 37.6 | AG13: 31.8 | AH13: 26 | AI13: 22 | AJ13: 376.95 | AK13: 38 | AL13: 9.9197368 | AM13: 30841 | AN13: -0.06 | AO13: 0 | AP13: 0 | AQ13: 0 | AR13: 0 | AS13: 0 | AT13: 21/22
B14: 11 | C14: Newcastle United | D14: 44 | E14: 62 | F14: -18 | G14: 8 | H14: 81 | I14: 2 | J14: 38.1 | K14: 57.1 | L14: 5.9 | M14: 446 | N14: 142 | O14: 3 | P14: 9 | Q14: 37 | R14: 7 | S14: 3 | T14: 71 | U14: 2 | V14: 6 | W14: 104 | X14: 776 | Y14: 776 | Z14: 392 | AA14: 10201 | AB14: 31 | AC14: 1869 | AD14: 592 | AE14: 160 | AF14: 130.5 | AG14: 0 | AH14: 13 | AI14: 11 | AJ14: 313.9 | AK14: 34 | AL14: 9.2323529 | AM14: 51487 | AN14: 0.16 | AO14: 0 | AP14: 0 | AQ14: 0 | AR14: 0 | AS14: 0 | AT14: 21/22
B15: 12 | C15: Crystal Palace | D15: 50 | E15: 46 | F15: 4 | G15: 12 | H15: 69 | I15: 1 | J15: 46.4 | K15: 40.7 | L15: 3.6 | M15: 404 | N15: 140 | O15: 6 | P15: 6 | Q15: 45 | R15: 5 | S15: 2 | T15: 63 | U15: 2 | V15: 4 | W15: 99 | X15: 761 | Y15: 761 | Z15: 414 | AA15: 14983 | AB15: 40 | AC15: 2829 | AD15: 643 | AE15: 175 | AF15: 85.62 | AG15: 0 | AH15: 13 | AI15: 16 | AJ15: 271.05 | AK15: 33 | AL15: 8.2136364 | AM15: 24588 | AN15: 0.17 | AO15: 0 | AP15: 0 | AQ15: 0 | AR15: 0 | AS15: 0 | AT15: 21/22
... B23: 20 | C23: Norwich City | D23: 23 | E23: 84 | F23: -61 | G23: 6 | H23: 57 | I23: 1 | J23: 32.3 | K23: 75.5 | L23: -9.3 | M23: 370 | N23: 104 | O23: 3 | P23: 5 | Q23: 20 | R23: 3 | S23: 1 | T23: 55 | U23: 2 | V23: 12 | W23: 139 | X23: 860 | Y23: 860 | Z23: 356 | AA23: 12164 | AB23: 50 | AC23: 2289 | AD23: 568 | AE23: 165 | AF23: 63.55 | AG23: 38.4 | AH23: 32 | AI23: 31 | AJ23: 163.2 | AK23: 45 | AL23: 3.6266667 | AM23: 26836 | AN23: 0.01 | AO23: 0 | AP23: 1 | AQ23: 0 | AR23: 1 | AS23: 0 | AT23: 21/22

Sheet 2022-2023
B2: Temporada 2022/2023 | D2: General | M2: Ataque | U2: Defensa | AA2: Tipo de juego | AF2: Extra cancha
B3: Posición en la tabla | C3: Equipo | D3: Goles a favor | E3: Goles en contra | F3: Diferencia de goles | G3: Porterias en cero | H3: Tarjetas Amarillas | I3: Tarjetas Rojas | J3: XG F | K3: XG A | L3: G vs XG | M3: Tiros | N3: Tiros a gol | O3: Gol de penal | P3: Gol de cabeza | Q3: Gol dentro del área | R3: Gol fuera del área | S3: Gol de contragolpe | T3: Fueras de lugar | U3: Auotgoles | V3: Penales provocados | W3: Paradas | X3: Despejes | Y3: Barridas | Z3: Faltas | AA3: # de pases | AB3: Pases filtrados | AC3: Pases hacia atrás | AD3: Centros | AE3: Corners | AF3: Dinero gastado en transferencias (Millones de euros) | AG3: Dinero ingresado por transferencias (millones de euros) | AH3: Jugadores nuevos | AI3: Jugadores vendidos | AJ3: Valor de la plantilla | AK3: # de jugadores | AL3: Valor promedio jugadores | AM3: Asistencia promedio al estadio | AN3: % ventaja local | AO3: Competencias Europeas | AP3: Recien ascendido | AQ3: Champions | AR3: Descenso | AS3: Big 6 | AT3: Temporada
B4: 1 | C4: Manchester City | D4: 94 | E4: 33 | F4: 61 | G4: 13 | H4: 44 | I4: 1 | J4: 78.7 | K4: 32.1 | L4: 15.3 | M4: 590 | N4: 205 | O4: 9 | P4: 12 | Q4: 82 | R4: 13 | S4: 7 | T4: 51 | U4: 1 | V4: 3 | W4: 60 | X4: 391 | Y4: 272 | Z4: 347 | AA4: 25072 | AB4: 94 | AC4: 4236 | AD4: 742 | AE4: 238 | AF4: 155 | AG4: 162.17 | AH4: 29 | AI4: 24 | AJ4: 1150 | AK4: 34 | AL4: =AJ4/AK4 -> 33.823529 | AM4: 53249 | AN4: 0.13 | AO4: 1 | AP4: 0 | AQ4: 1 | AR4: 0 | AS4: 1 | AT4: 22/23
B5: 2 | C5: Arsenal | D5: 88 | E5: 43 | F5: 45 | G5: 14 | H5: 51 | I5: 0 | J5: 71.9 | K5: 42 | L5: 16.1 | M5: 589 | N5: 194 | O5: 3 | P5: 12 | Q5: 79 | R5: 9 | S5: 4 | T5: 56 | U5: 1 | V5: 5 | W5: 94 | X5: 567 | Y5: 343 | Z5: 373 | AA5: 20450 | AB5: 86 | AC5: 3031 | AD5: 674 | AE5: 223 | AF5: 191.9 | AG5: 23.8 | AH5: 25 | AI5: 18 | AJ5: 1000 | AK5: 42 | AL5: =AJ5/AK5 -> 23.809524 | AM5: 60191 | AN5: 0.02 | AO5: 1 | AP5: 0 | AQ5: 1 | AR5: 0 | AS5: 1 | AT5: =AT4 -> 22/23
B6: 3 | C6: Manchester United | D6: 58 | E6: 43 | F6: 15 | G6: 17 | H6: 78 | I6: 2 | J6: 67.7 | K6: 50.4 | L6: -9.7 | M6: 590 | N6: 206 | O6: 3 | P6: 7 | Q6: 53 | R6: 5 | S6: 10 | T6: 79 | U6: 1 | V6: 3 | W6: 99 | X6: 734 | Y6: 400 | Z6: 424 | AA6: 19086 | AB6: 105 | AC6: 3148 | AD6: 517 | AE6: 196 | AF6: 243.28 | AG6: 23.65 | AH6: 25 | AI6: 20 | AJ6: 848 | AK6: 48 | AL6: =AJ6/AK6 -> 17.666667 | AM6: 73671 | AN6: 0.39 | AO6: 1 | AP6: 0 | AQ6: 1 | AR6: 0 | AS6: 1 | AT6: =AT5 -> 22/23
B7: 4 | C7: Newcastle United | D7: 68 | E7: 33 | F7: 35 | G7: 14 | H7: 61 | I7: 1 | J7: 72 | K7: 39.6 | L7: -4 | M7: 565 | N7: 184 | O7: 6 | P7: 10 | Q7: 56 | R7: 14 | S7: 5 | T7: 71 | U7: 2 | V7: 5 | W7: 94 | X7: 646 | Y7: 360 | Z7: 406 | AA7: 16052 | AB7: 88 | AC7: 2266 | AD7: 740 | AE7: 270 | AF7: 185.35 | AG7: 14.06 | AH7: 17 | AI7: 13 | AJ7: 541.6 | AK7: 38 | AL7: =AJ8/AK8 -> 20.816667 | AM7: 52127 | AN7: 0.11 | AO7: 0 | AP7: 0 | AQ7: 1 | AR7: 0 | AS7: 0 | AT7: =AT6 -> 22/23
B8: 5 | C8: Liverpool | D8: 75 | E8: 47 | F8: 28 | G8: 14 | H8: 57 | I8: 1 | J8: 72.6 | K8: 50.9 | L8: 2.4 | M8: 601 | N8: 203 | O8: 2 | P8: 13 | Q8: 67 | R8: 8 | S8: 7 | T8: 84 | U8: 2 | V8: 4 | W8: 111 | X8: 540 | Y8: 370 | Z8: 405 | AA8: 22401 | AB8: 103 | AC8: 3416 | AD8: 799 | AE8: 235 | AF8: 137.3 | AG8: 80.7 | AH8: 8 | AI8: 11 | AJ8: 811.85 | AK8: 39 | AL8: =AJ11/AK11 -> 19.091176 | AM8: 53163 | AN8: 0.26 | AO8: 1 | AP8: 0 | AQ8: 0 | AR8: 0 | AS8: 1 | AT8: =AT7 -> 22/23
B9: 6 | C9: Brighton and Hove Albion | D9: 72 | E9: 53 | F9: 19 | G9: 12 | H9: 58 | I9: 0 | J9: 73.3 | K9: 50.2 | L9: -1.3 | M9: 607 | N9: 219 | O9: 6 | P9: 10 | Q9: 63 | R9: 9 | S9: 3 | T9: 70 | U9: 6 | V9: 8 | W9: 82 | X9: 412 | Y9: 340 | Z9: 427 | AA9: 21280 | AB9: 81 | AC9: 3374 | AD9: 694 | AE9: 233 | AF9: 55.7 | AG9: 137.9 | AH9: 21 | AI9: 23 | AJ9: 529.83 | AK9: 42 | AL9: =AJ7/AK7 -> 14.252632 | AM9: 31477 | AN9: 0.12 | AO9: 0 | AP9: 0 | AQ9: 0 | AR9: 0 | AS9: 0 | AT9: =AT8 -> 22/23
B10: 7 | C10: Aston Villa | D10: 51 | E10: 46 | F10: 5 | G10: 12 | H10: 80 | I10: 1 | J10: 50.2 | K10: 52.5 | L10: 0.8 | M10: 427 | N10: 145 | O10: 3 | P10: 6 | Q10: 44 | R10: 7 | S10: 5 | T10: 58 | U10: 4 | V10: 6 | W10: 108 | X10: 663 | Y10: 338 | Z10: 417 | AA10: 15940 | AB10: 54 | AC10: 2576 | AD10: 561 | AE10: 163 | AF10: 100.14 | AG10: 54 | AH10: 23 | AI10: 22 | AJ10: 509.55 | AK10: 43 | AL10: =AJ10/AK10 -> 11.85 | AM10: 39485 | AN10: 0.19 | AO10: 0 | AP10: 0 | AQ10: 0 | AR10: 0 | AS10: 0 | AT10: =AT9 -> 22/23
B11: 8 | C11: Tottenham Hotspur | D11: 70 | E11: 63 | F11: 7 | G11: 10 | H11: 77 | I11: 3 | J11: 57.1 | K11: 49.7 | L11: 12.9 | M11: 512 | N11: 186 | O11: 5 | P11: 15 | Q11: 60 | R11: 10 | S11: 4 | T11: 67 | U11: 1 | V11: 4 | W11: 109 | X11: 725 | Y11: 353 | Z11: 424 | AA11: 18042 | AB11: 74 | AC11: 2662 | AD11: 719 | AE11: 203 | AF11: 177.9 | AG11: 38.75 | AH11: 15 | AI11: 14 | AJ11: 649.1 | AK11: 34 | AL11: =AJ11/AK11 -> 19.091176 | AM11: 61585 | AN11: 0.13 | AO11: 1 | AP11: 0 | AQ11: 0 | AR11: 0 | AS11: 1 | AT11: =AT10 -> 22/23
B12: 9 | C12: Brentford | D12: 58 | E12: 46 | F12: 12 | G12: 12 | H12: 57 | I12: 1 | J12: 56.8 | K12: 49.9 | L12: 1.2 | M12: 400 | N12: 147 | O12: 7 | P12: 10 | Q12: 52 | R12: 6 | S12: 6 | T12: 72 | U12: 3 | V12: 2 | W12: 154 | X12: 770 | Y12: 337 | Z12: 354 | AA12: 13920 | AB12: 53 | AC12: 2222 | AD12: 661 | AE12: 163 | AF12: 51.5 | AG12: 3.6 | AH12: 23 | AI12: 21 | AJ12: 371.2 | AK12: 36 | AL12: =AJ12/AK12 -> 10.311111 | AM12: 17078 | AN12: 0.21 | AO12: 0 | AP12: 0 | AQ12: 0 | AR12: 0 | AS12: 0 | AT12: =AT11 -> 22/23
B13: 10 | C13: Fulham | D13: 55 | E13: 53 | F13: 2 | G13: 9 | H13: 80 | I13: 1 | J13: 46.2 | K13: 63.8 | L13: 8.8 | M13: 420 | N13: 137 | O13: 5 | P13: 15 | Q13: 50 | R13: 6 | S13: 3 | T13: 60 | U13: 2 | V13: 8 | W13: 144 | X13: 714 | Y13: 349 | Z13: 411 | AA13: 16197 | AB13: 20 | AC13: 2493 | AD13: 769 | AE13: 182 | AF13: 72.8 | AG13: 103.6 | AH13: 20 | AI13: 21 | AJ13: 299.25 | AK13: 47 | AL13: =AJ13/AK13 -> 6.3670213 | AM13: 23746 | AN13: 0.01 | AO13: 0 | AP13: 1 | AQ13: 0 | AR13: 0 | AS13: 0 | AT13: =AT12 -> 22/23
B14: 11 | C14: Crystal Palace | D14: 40 | E14: 49 | F14: -9 | G14: 9 | H14: 82 | I14: 3 | J14: 39.3 | K14: 48.1 | L14: 0.7 | M14: 423 | N14: 133 | O14: 1 | P14: 7 | Q14: 35 | R14: 5 | S14: 5 | T14: 58 | U14: 3 | V14: 4 | W14: 114 | X14: 788 | Y14: 421 | Z14: 446 | AA14: 15707 | AB14: 41 | AC14: 2644 | AD14: 591 | AE14: 186 | AF14: 46.6 | AG14: 5.46 | AH14: 14 | AI14: 12 | AJ14: 323.05 | AK14: 39 | AL14: =AJ14/AK14 -> 8.2833333 | AM14: 24952 | AN14: 0.15 | AO14: 0 | AP14: 0 | AQ14: 0 | AR14: 0 | AS14: 0 | AT14: =AT13 -> 22/23
B15: 12 | C15: Chelsea | D15: 38 | E15: 47 | F15: -9 | G15: 10 | H15: 81 | I15: 3 | J15: 49.5 | K15: 52.5 | L15: -11.5 | M15: 481 | N15: 151 | O15: 3 | P15: 5 | Q15: 33 | R15: 6 | S15: 1 | T15: 74 | U15: 3 | V15: 1 | W15: 115 | X15: 628 | Y15: 445 | Z15: 397 | AA15: 21149 | AB15: 58 | AC15: 3286 | AD15: 693 | AE15: 209 | AF15: 611.49 | AG15: 67.8 | AH15: 24 | AI15: 23 | AJ15: 994.95 | AK15: 43 | AL15: =AJ15/AK15 -> 23.138372 | AM15: 40002 | AN15: 0.12 | AO15: 1 | AP15: 0 | AQ15: 0 | AR15: 0 | AS15: 1 | AT15: =AT14 -> 22/23
B16: 13 | C16: Wolverhampton Wanderers | D16: 31 | E16: 58 | F16: -27 | G16: 11 | H16: 85 | I16: 6 | J16: 36.8 | K16: 59.9 | L16: -5.8 | M16: 409 | N16: 119 | O16: 3 | P16: 2 | Q16: 28 | R16: 4 | S16: 5 | T16: 62 | U16: 1 | V16: 4 | W16: 115 | X16: 780 | Y16: 370 | Z16: 463 | AA16: 16712 | AB16: 49 | AC16: 2681 | AD16: 661 | AE16: 185 | AF16: 177.11 | AG16: 62.87 | AH16: 32 | AI16: 28 | AJ16: 497.65 | AK16: 43 | AL16: =AJ16/AK16 -> 11.573256 | AM16: 31482 | AN16: 0.27 | AO16: 0 | AP16: 0 | AQ16: 0 | AR16: 0 | AS16: 0 | AT16: =AT15 -> 22/23
B17: 14 | C17: West Ham United | D17: 42 | E17: 55 | F17: -13 | G17: 9 | H17: 44 | I17: 0 | J17: 49.2 | K17: 53 | L17: -7.2 | M17: 466 | N17: 133 | O17: 6 | P17: 8 | Q17: 34 | R17: 8 | S17: 1 | T17: 62 | U17: 1 | V17: 6 | W17: 115 | X17: 779 | Y17: 335 | Z17: 362 | AA17: 14638 | AB17: 41 | AC17: 2092 | AD17: 768 | AE17: 206 | AF17: 186.5 | AG17: 21.55 | AH17: 13 | AI17: 13 | AJ17: 465.75 | AK17: 44 | AL17: =AJ17/AK17 -> 10.585227 | AM17: 62462 | AN17: 0.18 | AO17: 1 | AP17: 0 | AQ17: 0 | AR17: 0 | AS17: 0 | AT17: =AT16 -> 22/23
B18: 15 | C18: Bournemouth | D18: 37 | E18: 71 | F18: -34 | G18: 8 | H18: 68 | I18: 0 | J18: 38.6 | K18: 63.9 | L18: -1.6 | M18: 358 | N18: 126 | O18: 0 | P18: 5 | Q18: 34 | R18: 3 | S18: 1 | T18: 38 | U18: 3 | V18: 7 | W18: 136 | X18: 971 | Y18: 371 | Z18: 391 | AA18: 13931 | AB18: 49 | AC18: 2147 | AD18: 509 | AE18: 144 | AF18: 83.1 | AG18: 0 | AH18: 17 | AI18: 13 | AJ18: 287.2 | AK18: 47 | AL18: =AJ18/AK18 -> 6.1106383 | AM18: 10362 | AN18: 0.15 | AO18: 0 | AP18: 1 | AQ18: 0 | AR18: 0 | AS18: 0 | AT18: =AT17 -> 22/23
B19: 16 | C19: Nott'ham Forest | D19: 38 | E19: 68 | F19: -30 | G19: 8 | H19: 84 | I19: 0 | J19: 39.3 | K19: 64.2 | L19: -1.3 | M19: 362 | N19: 111 | O19: 3 | P19: 7 | Q19: 36 | R19: 2 | S19: 3 | T19: 67 | U19: 0 | V19: 9 | W19: 112 | X19: 892 | Y19: 387 | Z19: 445 | AA19: 12091 | AB19: 31 | AC19: 1763 | AD19: 530 | AE19: 128 | AF19: 195.25 | AG19: 5 | AH19: 41 | AI19: 26 | AJ19: 376.25 | AK19: 50 | AL19: =AJ19/AK19 -> 7.525 | AM19: 29188 | AN19: 0.06 | AO19: 0 | AP19: 1 | AQ19: 0 | AR19: 0 | AS19: 0 | AT19: =AT18 -> 22/23
B20: 17 | C20: Everton | D20: 34 | E20: 57 | F20: -23 | G20: 9 | H20: 81 | I20: 2 | J20: 45.2 | K20: 65.7 | L20: -11.2 | M20: 426 | N20: 143 | O20: 3 | P20: 5 | Q20: 29 | R20: 6 | S20: 4 | T20: 64 | U20: 0 | V20: 6 | W20: 127 | X20: 829 | Y20: 424 | Z20: 396 | AA20: 14152 | AB20: 39 | AC20: 2195 | AD20: 704 | AE20: 175 | AF20: 78.2 | AG20: 103.6 | AH20: 15 | AI20: 18 | AJ20: 413.15 | AK20: 40 | AL20: =AJ20/AK20 -> 10.32875 | AM20: 39243 | AN20: -0.01 | AO20: 0 | AP20: 0 | AQ20: 0 | AR20: 0 | AS20: 0 | AT20: =AT19 -> 22/23
B21: 18 | C21: Leicester City | D21: 51 | E21: 68 | F21: -17 | G21: 7 | H21: 63 | I21: 2 | J21: 50.6 | K21: 63.4 | L21: 0.4 | M21: 412 | N21: 142 | O21: 3 | P21: 3 | Q21: 40 | R21: 11 | S21: 4 | T21: 83 | U21: 5 | V21: 5 | W21: 113 | X21: 723 | Y21: 412 | Z21: 410 | AA21: 17365 | AB21: 76 | AC21: 2552 | AD21: 496 | AE21: 135 | AF21: 48 | AG21: 81.4 | AH21: 10 | AI21: 9 | AJ21: 490.8 | AK21: 38 | AL21: =AJ21/AK21 -> 12.915789 | AM21: 31887 | AN21: 0.06 | AO21: 0 | AP21: 0 | AQ21: 0 | AR21: 1 | AS21: 0 | AT21: =AT20 -> 22/23
... B23: 20 | C23: Southampton | D23: 36 | E23: 73 | F23: -37 | G23: 4 | H23: 73 | I23: 0 | J23: 37.7 | K23: 61 | L23: -1.7 | M23: 413 | N23: 132 | O23: 2 | P23: 6 | Q23: 28 | R23: 8 | S23: 5 | T23: 57 | U23: 5 | V23: 3 | W23: 81 | X23: 826 | Y23: 426 | Z23: 430 | AA23: 14796 | AB23: 38 | AC23: 2481 | AD23: 613 | AE23: 157 | AF23: 152.11 | AG23: 5.5 | AH23: 21 | AI23: 14 | AJ23: 419.95 | AK23: 46 | AL23: =AJ23/AK23 -> 9.1293478 | AM23: 30440 | AN23: 0.02 | AO23: 0 | AP23: 0 | AQ23: 0 | AR23: 1 | AS23: 0 | AT23: =AT22 -> 22/23
B26: Fuentes: | C26: https://fbref.com/en/comps/9/shooting/Premier-League-Stats
C27: https://footystats.org/england/premier-league#
C28: https://www.premierleague.com/stats/top/clubs/wins
C29: https://www.transfermarkt.mx/premier-league/einnahmenausgaben/wettbewerb/GB1/plus/0?ids=a&sa=&saison_id=2015&saison_id_bis=2015&nat=&pos=&altersklasse=&w_s=&leihe=&intern=0
C30: https://www.transfermarkt.mx/premier-league/startseite/wettbewerb/GB1/saison_id/2015

Sheet 2023-2024
A2: 1 | B2: Manchester City | C2: 38 | D2: 28 | E2: 7 | F2: 3 | G2: 96 | H2: 34 | I2: 62 | J2: 91 | K2: 2.39 | L2: 80.5 | M2: 35.6 | N2: 44.9 | O2: 1.18 | P2: 53012 | Q2: Erling Haaland - 27 | R2: Ederson | S2: → Champions League via league finish
A3: 2 | B3: Arsenal | C3: 38 | D3: 28 | E3: 5 | F3: 5 | G3: 91 | H3: 29 | I3: 62 | J3: 89 | K3: 2.34 | L3: 76.1 | M3: 27.9 | N3: 48.2 | O3: 1.27 | P3: 60236 | Q3: Bukayo Saka - 16 | R3: David Raya | S3: → Champions League via league finish
A4: 3 | B4: Liverpool | C4: 38 | D4: 24 | E4: 10 | F4: 4 | G4: 86 | H4: 41 | I4: 45 | J4: 82 | K4: 2.16 | L4: 87.8 | M4: 45.7 | N4: 42 | O4: 1.11 | P4: 55979 | Q4: Mohamed Salah - 18 | R4: Alisson | S4: → Champions League via league finish
A5: 4 | B5: Aston Villa | C5: 38 | D5: 20 | E5: 8 | F5: 10 | G5: 76 | H5: 61 | I5: 15 | J5: 68 | K5: 1.79 | L5: 63.3 | M5: 59.9 | N5: 3.4 | O5: 0.09 | P5: 41858 | Q5: Ollie Watkins - 19 | R5: Emiliano Martínez | S5: → Champions League via league finish
A6: 5 | B6: Tottenham | C6: 38 | D6: 20 | E6: 6 | F6: 12 | G6: 74 | H6: 61 | I6: 13 | J6: 66 | K6: 1.74 | L6: 68.2 | M6: 63.4 | N6: 4.8 | O6: 0.13 | P6: 61482 | Q6: Son Heung-min - 17 | R6: Guglielmo Vicario | S6: → Europa League via league finish
A7: 6 | B7: Chelsea | C7: 38 | D7: 18 | E7: 9 | F7: 11 | G7: 77 | H7: 63 | I7: 14 | J7: 63 | K7: 1.66 | L7: 74.5 | M7: 58.1 | N7: 16.4 | O7: 0.43 | P7: 39524 | Q7: Cole Palmer - 22 | R7: Đorđe Petrović | S7: → Europa Conference League via league finish
A8: 7 | B8: Newcastle Utd | C8: 38 | D8: 18 | E8: 6 | F8: 14 | G8: 85 | H8: 62 | I8: 23 | J8: 60 | K8: 1.58 | L8: 76 | M8: 61.4 | N8: 14.6 | O8: 0.38 | P8: 52125 | Q8: Alexander Isak - 21 | R8: Martin Dúbravka
A9: 8 | B9: Manchester Utd | C9: 38 | D9: 18 | E9: 6 | F9: 14 | G9: 57 | H9: 58 | I9: -1 | J9: 60 | K9: 1.58 | L9: 56.5 | M9: 68.9 | N9: -12.5 | O9: -0.33 | P9: 73533 | Q9: Rasmus Højlund, Bruno Fernandes - 10 | R9: André Onana | S9: → Europa League via cup win
A10: 9 | B10: West Ham | C10: 38 | D10: 14 | E10: 10 | F10: 14 | G10: 60 | H10: 74 | I10: -14 | J10: 52 | K10: 1.37 | L10: 52.3 | M10: 71.1 | N10: -18.8 | O10: -0.49 | P10: 62567 | Q10: Jarrod Bowen - 16 | R10: Alphonse Areola
A11: 10 | B11: Crystal Palace | C11: 38 | D11: 13 | E11: 10 | F11: 15 | G11: 57 | H11: 58 | I11: -1 | J11: 49 | K11: 1.29 | L11: 48.6 | M11: 52 | N11: -3.4 | O11: -0.09 | P11: 24932 | Q11: Jean-Philippe Mateta - 16 | R11: Sam Johnstone
A12: 11 | B12: Brighton | C12: 38 | D12: 12 | E12: 12 | F12: 14 | G12: 55 | H12: 62 | I12: -7 | J12: 48 | K12: 1.26 | L12: 56.8 | M12: 55.4 | N12: 1.4 | O12: 0.04 | P12: 32638 | Q12: João Pedro - 9 | R12: Bart Verbruggen
A13: 12 | B13: Bournemouth | C13: 38 | D13: 13 | E13: 9 | F13: 16 | G13: 54 | H13: 67 | I13: -13 | J13: 48 | K13: 1.26 | L13: 55.9 | M13: 58.1 | N13: -2.2 | O13: -0.06 | P13: 11103 | Q13: Dominic Solanke - 19 | R13: Neto
A14: 13 | B14: Fulham | C14: 38 | D14: 13 | E14: 8 | F14: 17 | G14: 55 | H14: 61 | I14: -6 | J14: 47 | K14: 1.24 | L14: 50.8 | M14: 62.9 | N14: -12.1 | O14: -0.32 | P14: 24302 | Q14: Rodrigo Muniz - 9 | R14: Bernd Leno
A15: 14 | B15: Wolves | C15: 38 | D15: 13 | E15: 7 | F15: 18 | G15: 50 | H15: 65 | I15: -15 | J15: 46 | K15: 1.21 | L15: 46.7 | M15: 67.7 | N15: -21 | O15: -0.55 | P15: 31029 | Q15: Hwang Hee-chan, Matheus Cunha - 12 | R15: José Sá
A16: 15 | B16: Everton | C16: 38 | D16: 13 | E16: 9 | F16: 16 | G16: 40 | H16: 51 | I16: -11 | J16: 42 | K16: 1.11 | L16: 54 | M16: 55.2 | N16: -1.2 | O16: -0.03 | P16: 39042 | Q16: Abdoulaye Doucouré, Dominic Calvert-Lewin - 7 | R16: Jordan Pickford | S16: 6-point deduction 1
A17: 16 | B17: Brentford | C17: 38 | D17: 10 | E17: 9 | F17: 19 | G17: 56 | H17: 65 | I17: -9 | J17: 39 | K17: 1.03 | L17: 58.2 | M17: 56 | N17: 2.2 | O17: 0.06 | P17: 17082 | Q17: Yoane Wissa - 12 | R17: Mark Flekken
A18: 17 | B18: Nott'ham Forest | C18: 38 | D18: 9 | E18: 9 | F18: 20 | G18: 49 | H18: 67 | I18: -18 | J18: 32 | K18: 0.84 | L18: 49.9 | M18: 53.2 | N18: -3.3 | O18: -0.09 | P18: 29386 | Q18: Chris Wood - 14 | R18: Matt Turner | S18: 4-point deduction 2
A19: 18 | B19: Luton Town | C19: 38 | D19: 6 | E19: 8 | F19: 24 | G19: 52 | H19: 85 | I19: -33 | J19: 26 | K19: 0.68 | L19: 42.4 | M19: 78 | N19: -35.5 | O19: -0.94 | P19: 11240 | Q19: Carlton Morris - 11 | R19: Thomas Kaminski | S19: Relegated
A20: 19 | B20: Burnley | C20: 38 | D20: 5 | E20: 9 | F20: 24 | G20: 41 | H20: 78 | I20: -37 | J20: 24 | K20: 0.63 | L20: 40.6 | M20: 70.4 | N20: -29.7 | O20: -0.78 | P20: 21184 | Q20: Jacob Bruun Larsen - 6 | R20: James Trafford | S20: Relegated
A21: 20 | B21: Sheffield Utd | C21: 38 | D21: 3 | E21: 7 | F21: 28 | G21: 35 | H21: 104 | I21: -69 | J21: 16 | K21: 0.42 | L21: 38.3 | M21: 76.7 | N21: -38.4 | O21: -1.01 | P21: 30011
A26: Posicion | B26: Equipo | C26: GaF | D26: GaC | E26: DF | F26: P0 | G26: TA | H26: TR | I26: XGF | J26: XGC | K26: GvsXG | L26: Tiros | M26: TirosAGol | N26: GolDePenal | O26: GolDeCabeza | P26: GolDentroA | Q26: GolFueraA | R26: GolContragolpe | S26: FuerasDeLugar | T26: Auotgoles | U26: PenalesProvocados | V26: Paradas | W26: Despejes | X26: Barridas | Y26: Faltas | Z26: NumeroDePases | AA26: PasesFiltrados | AB26: PasesHaciaAtras | AC26: Centros | AD26: Corners | AE26: DineroGastadoEnTransferenciasMillonesDeEuros | AF26: DineroIngresadoPorTransferenciasMillonesDeEuros | AG26: JugadoresNuevos | AH26: JugadoresVendidos | AI26: ValorPlantilla | AJ26: NumeroDeJugadores | AK26: ValorPromedioJugadores | AL26: AsistenciaPromedioAlEstadio | AM26: VentajaLocal | AN26: CompetenciasEuropeas | AO26: RecienAscendido | AP26: Champions | AQ26: Descenso | AR26: Big6 | AS26: Temporada | AT26: Anio
A27: 2 | B27: Arsenal | C27: 91 | D27: 29 | E27: =C27-D27 -> 62 | F27: 18 | G27: 64 | H27: 2 | I27: 76.1 | J27: 27.9 | K27: =C27-I27 -> 14.9 | L27: 647 | M27: 209 | N27: 10 | O27: 17 | P27: 85 | Q27: ='2023-2024'!$C27-'2023-2024'!$P27 -> 6 | R27: 7 | S27: 87 | T27: 1 | U27: 9 | V27: 54 | W27: 515 | X27: 610 | Y27: 391 | Z27: 22558 | AA27: 104 | AB27: 3354 | AC27: 670 | AD27: 265 | AE27: 235.1 | AF27: 69.2 | AG27: 15 | AH27: 16 | AI27: 1200 | AJ27: 40 | AK27: ='2023-2024'!$AI27/'2023-2024'!$AJ27 -> 30 | AL27: 60236 | AM27: -0.03 | AN27: 1 | AO27: 0 | AP27: 1 | AQ27: 0 | AR27: 1 | AS27: 23/25 | AT27: 24
A28: 4 | B28: Aston Villa | C28: 76 | D28: 61 | E28: =C28-D28 -> 15 | F28: 8 | G28: 94 | H28: 2 | I28: 63.3 | J28: 59.9 | K28: =C28-I28 -> 12.7 | L28: 511 | M28: 182 | N28: 4 | O28: 10 | P28: 66 | Q28: ='2023-2024'!$C28-'2023-2024'!$P28 -> 10 | R28: 7 | S28: 47 | T28: 4 | U28: 4 | V28: 115 | W28: 597 | X28: 547 | Y28: 412 | Z28: 19363 | AA28: 80 | AB28: 2869 | AC28: 651 | AD28: 231 | AE28: 111.5 | AF28: 35.55 | AG28: 16 | AH28: 15 | AI28: 709 | AJ28: 45 | AK28: ='2023-2024'!$AI28/'2023-2024'!$AJ28 -> 15.755556 | AL28: 41858 | AM28: 0.18 | AN28: 1 | AO28: 0 | AP28: 1 | AQ28: 0 | AR28: 0 | AS28: 23/27 | AT28: =AT27 -> 24
A29: 12 | B29: Bournemouth | C29: 54 | D29: 67 | E29: =C29-D29 -> -13 | F29: 9 | G29: 79 | H29: 3 | I29: 55.9 | J29: 58.1 | K29: =C29-I29 -> -1.9 | L29: 539 | M29: 175 | N29: 2 | O29: 11 | P29: 49 | Q29: ='2023-2024'!$C29-'2023-2024'!$P29 -> 5 | R29: 5 | S29: 56 | T29: 1 | U29: 3 | V29: 127 | W29: 817 | X29: 693 | Y29: 507 | Z29: 15920 | AA29: 48 | AB29: 2259 | AC29: 709 | AD29: 235 | AE29: 127.29 | AF29: 1.5 | AG29: 25 | AH29: 21 | AI29: 401 | AJ29: 42 | AK29: ='2023-2024'!$AI29/'2023-2024'!$AJ29 -> 9.547619 | AL29: 11103 | AM29: 0.08 | AN29: 0 | AO29: 0 | AP29: 0 | AQ29: 0 | AR29: 0 | AS29: 23/35 | AT29: =AT28 -> 24
A30: 16 | B30: Brentford | C30: 56 | D30: 65 | E30: =C30-D30 -> -9 | F30: 7 | G30: 89 | H30: 2 | I30: 58.2 | J30: 56 | K30: =C30-I30 -> -2.2 | L30: 470 | M30: 159 | N30: 3 | O30: 10 | P30: 49 | Q30: ='2023-2024'!$C30-'2023-2024'!$P30 -> 7 | R30: 3 | S30: 70 | T30: 0 | U30: 3 | V30: 119 | W30: 903 | X30: 677 | Y30: 385 | Z30: 16818 | AA30: 70 | AB30: 2393 | AC30: 706 | AD30: 184 | AE30: 72.35 | AF30: 10.25 | AG30: 19 | AH30: 16 | AI30: 429 | AJ30: 42 | AK30: ='2023-2024'!$AI30/'2023-2024'!$AJ30 -> 10.214286 | AL30: 17082 | AM30: -0.01 | AN30: 0 | AO30: 0 | AP30: 0 | AQ30: 0 | AR30: 0 | AS30: 23/39 | AT30: =AT29 -> 24
A31: 11 | B31: Brighton and Hove Albion | C31: 55 | D31: 62 | E31: =C31-D31 -> -7 | F31: 6 | G31: 90 | H31: 3 | I31: 56.8 | J31: 55.4 | K31: =C31-I31 -> -1.8 | L31: 555 | M31: 198 | N31: 5 | O31: 11 | P31: 49 | Q31: ='2023-2024'!$C31-'2023-2024'!$P31 -> 6 | R31: 1 | S31: 84 | T31: 2 | U31: 6 | V31: 105 | W31: 603 | X31: 644 | Y31: 414 | Z31: 25029 | AA31: 62 | AB31: 4187 | AC31: 671 | AD31: 206 | AE31: 109.5 | AF31: 190.2 | AG31: 31 | AH31: 24 | AI31: 524 | AJ31: 49 | AK31: ='2023-2024'!$AI31/'2023-2024'!$AJ31 -> 10.693878 | AL31: 32638 | AM31: 0.11 | AN31: 1 | AO31: 0 | AP31: 0 | AQ31: 0 | AR31: 0 | AS31: 23/34 | AT31: =AT30 -> 24
A32: 19 | B32: Burnley | C32: 41 | D32: 78 | E32: =C32-D32 -> -37 | F32: 2 | G32: 77 | H32: 7 | I32: 40.6 | J32: 70.4 | K32: =C32-I32 -> 0.4 | L32: 430 | M32: 137 | N32: 3 | O32: 5 | P32: 31 | Q32: ='2023-2024'!$C32-'2023-2024'!$P32 -> 10 | R32: 1 | S32: 76 | T32: 3 | U32: 3 | V32: 168 | W32: 837 | X32: 607 | Y32: 429 | Z32: 17959 | AA32: 49 | AB32: 2978 | AC32: 550 | AD32: 180 | AE32: 111.05 | AF32: 3.8 | AG32: 27 | AH32: 20 | AI32: 273 | AJ32: 39 | AK32: ='2023-2024'!$AI32/'2023-2024'!$AJ32 -> 7 | AL32: 21184 | AM32: -0.09 | AN32: 0 | AO32: 1 | AP32: 0 | AQ32: 1 | AR32: 0 | AS32: 23/42 | AT32: =AT31 -> 24
A33: 6 | B33: Chelsea | C33: 77 | D33: 63 | E33: =C33-D33 -> 14 | F33: 8 | G33: 109 | H33: 4 | I33: 74.5 | J33: 58.1 | K33: =C33-I33 -> 2.5 | L33: 537 | M33: 194 | N33: 11 | O33: 13 | P33: 69 | Q33: ='2023-2024'!$C33-'2023-2024'!$P33 -> 8 | R33: 3 | S33: 85 | T33: 3 | U33: 11 | V33: 125 | W33: 785 | X33: 663 | Y33: 446 | Z33: 23364 | AA33: 116 | AB33: 3559 | AC33: 558 | AD33: 202 | AE33: 466.1 | AF33: 278.3 | AG33: 31 | AH33: 32 | AI33: 1010 | AJ33: 56 | AK33: ='2023-2024'!$AI33/'2023-2024'!$AJ33 -> 18.035714 | AL33: 39524 | AM33: 0.16 | AN33: 0 | AO33: 0 | AP33: 0 | AQ33: 0 | AR33: 1 | AS33: 23/29 | AT33: =AT32 -> 24
A34: 10 | B34: Crystal Palace | C34: 57 | D34: 58 | E34: =C34-D34 -> -1 | F34: 10 | G34: 73 | H34: 2 | I34: 48.6 | J34: 52 | K34: =C34-I34 -> 8.4 | L34: 452 | M34: 162 | N34: 4 | O34: 4 | P34: 48 | Q34: ='2023-2024'!$C34-'2023-2024'!$P34 -> 9 | R34: 2 | S34: 72 | T34: 2 | U34: 4 | V34: 98 | W34: 927 | X34: 788 | Y34: 457 | Z34: 16754 | AA34: 52 | AB34: 2627 | AC34: 583 | AD34: 178 | AE34: 67.8 | AF34: 0 | AG34: 8 | AH34: 9 | AI34: 446 | AJ34: 40 | AK34: ='2023-2024'!$AI34/'2023-2024'!$AJ34 -> 11.15 | AL34: 24932 | AM34: 0.2 | AN34: 0 | AO34: 0 | AP34: 0 | AQ34: 0 | AR34: 0 | AS34: 23/33 | AT34: =AT33 -> 24
A35: 15 | B35: Everton | C35: 40 | D35: 51 | E35: =C35-D35 -> -11 | F35: 13 | G35: 82 | H35: 1 | I35: 54 | J35: 55.2 | K35: =C35-I35 -> -14 | L35: 504 | M35: 152 | N35: 2 | O35: 8 | P35: 34 | Q35: ='2023-2024'!$C35-'2023-2024'!$P35 -> 6 | R35: 1 | S35: 89 | T35: 3 | U35: 2 | V35: 117 | W35: 882 | X35: 743 | Y35: 457 | Z35: 15514 | AA35: 45 | AB35: 2347 | AC35: 752 | AD35: 181 | AE35: 40.5 | AF35: 82.8 | AG35: 16 | AH35: 16 | AI35: 391 | AJ35: 34 | AK35: ='2023-2024'!$AI35/'2023-2024'!$AJ35 -> 11.5 | AL35: 39042 | AM35: 0.2 | AN35: 0 | AO35: 0 | AP35: 0 | AQ35: 0 | AR35: 0 | AS35: 23/38 | AT35: =AT34 -> 24
A36: 13 | B36: Fulham | C36: 55 | D36: 61 | E36: =C36-D36 -> -6 | F36: 10 | G36: 84 | H36: 4 | I36: 50.8 | J36: 62.9 | K36: =C36-I36 -> 4.2 | L36: 499 | M36: 175 | N36: 2 | O36: 9 | P36: 48 | Q36: ='2023-2024'!$C36-'2023-2024'!$P36 -> 7 | R36: 3 | S36: 51 | T36: 4 | U36: 2 | V36: 133 | W36: 744 | X36: 679 | Y36: 384 | Z36: 20237 | AA36: 58 | AB36: 2923 | AC36: 736 | AD36: 212 | AE36: 73.17 | AF36: 53.2 | AG36: 15 | AH36: 17 | AI36: 384 | AJ36: 35 | AK36: ='2023-2024'!$AI36/'2023-2024'!$AJ36 -> 10.971429 | AL36: 24302 | AM36: 0.17 | AN36: 0 | AO36: 0 | AP36: 0 | AQ36: 0 | AR36: 0 | AS36: 23/36 | AT36: =AT35 -> 24
A37: 3 | B37: Liverpool | C37: 86 | D37: 41 | E37: =C37-D37 -> 45 | F37: 10 | G37: 69 | H37: 5 | I37: 87.8 | J37: 45.7 | K37: =C37-I37 -> -1.8 | L37: 781 | M37: 263 | N37: 6 | O37: 13 | P37: 74 | Q37: ='2023-2024'!$C37-'2023-2024'!$P37 -> 12 | R37: 6 | S37: 100 | T37: 2 | U37: 8 | V37: 108 | W37: 583 | X37: 677 | Y37: 463 | Z37: 24379 | AA37: 102 | AB37: 3548 | AC37: 817 | AD37: 287 | AE37: 172 | AF37: 60.7 | AG37: 15 | AH37: 17 | AI37: 955 | AJ37: 45 | AK37: ='2023-2024'!$AI37/'2023-2024'!$AJ37 -> 21.222222 | AL37: 55979 | AM37: 0.16 | AN37: 1 | AO37: 0 | AP37: 1 | AQ37: 0 | AR37: 1 | AS37: 23/26 | AT37: =AT36 -> 24
A38: 18 | B38: Luton Town | C38: 52 | D38: 85 | E38: =C38-D38 -> -33 | F38: 2 | G38: 71 | H38: 0 | I38: 42.4 | J38: 78 | K38: =C38-I38 -> 9.6 | L38: 427 | M38: 134 | N38: 5 | O38: 15 | P38: 50 | Q38: ='2023-2024'!$C38-'2023-2024'!$P38 -> 2 | R38: 3 | S38: 67 | T38: 4 | U38: 2 | V38: 145 | W38: 916 | X38: 654 | Y38: 443 | Z38: 15099 | AA38: 22 | AB38: 2120 | AC38: 841 | AD38: 203 | AE38: 25.9 | AF38: 0.3 | AG38: 29 | AH38: 25 | AI38: 140 | AJ38: 46 | AK38: ='2023-2024'!$AI38/'2023-2024'!$AJ38 -> 3.0434783 | AL38: 11240 | AM38: 0.1 | AN38: 0 | AO38: 1 | AP38: 0 | AQ38: 1 | AR38: 0 | AS38: 23/41 | AT38: =AT37 -> 24
A39: 1 | B39: Manchester City | C39: 96 | D39: 34 | E39: =C39-D39 -> 62 | F39: 13 | G39: 53 | H39: 2 | I39: 80.5 | J39: 35.6 | K39: =C39-I39 -> 15.5 | L39: 683 | M39: 264 | N39: 9 | O39: 11 | P39: 81 | Q39: ='2023-2024'!$C39-'2023-2024'!$P39 -> 15 | R39: 2 | S39: 42 | T39: 1 | U39: 8 | V39: 76 | W39: 457 | X39: 517 | Y39: 289 | Z39: 27758 | AA39: 85 | AB39: 4796 | AC39: 700 | AD39: 286 | AE39: 259.6 | AF39: 121.5 | AG39: 19 | AH39: 20 | AI39: 1460 | AJ39: 36 | AK39: ='2023-2024'!$AI39/'2023-2024'!$AJ39 -> 40.555556 | AL39: 53012 | AM39: 0.06 | AN39: 1 | AO39: 0 | AP39: 1 | AQ39: 0 | AR39: 1 | AS39: 23/24 | AT39: =AT38 -> 24
... A46: 14 | B46: Wolverhampton Wanderers | C46: 50 | D46: 65 | E46: =C46-D46 -> -15 | F46: 5 | G46: 102 | H46: 4 | I46: 46.7 | J46: 67.7 | K46: =C46-I46 -> 3.3 | L46: 425 | M46: 153 | N46: 4 | O46: 11 | P46: 50 | Q46: ='2023-2024'!$C46-'2023-2024'!$P46 -> 0 | R46: 3 | S46: 78 | T46: 1 | U46: 4 | V46: 139 | W46: 828 | X46: 739 | Y46: 476 | Z46: 19175 | AA46: 49 | AB46: 2953 | AC46: 578 | AD46: 156 | AE46: 94 | AF46: 169.2 | AG46: 25 | AH46: 31 | AI46: 443 | AJ46: 47 | AK46: ='2023-2024'!$AI46/'2023-2024'!$AJ46 -> 9.4255319 | AL46: 31029 | AM46: 0.06 | AN46: 0 | AO46: 0 | AP46: 0 | AQ46: 0 | AR46: 0 | AS46: 23/37 | AT46: =AT45 -> 24
A55: Playing Time | E55: Performance | M55: Expected | Q55: Progression | S55: Per 90 Minutes
A56: Squad | B56: # Pl | C56: Age | D56: Poss | E56: MP | F56: Starts | G56: Min | H56: 90s | I56: Gls | J56: Ast | K56: G+A | L56: G-PK | M56: PK | N56: PKatt | O56: CrdY | P56: CrdR | Q56: xG | R56: npxG | S56: xAG | T56: npxG+xAG | U56: PrgC | V56: PrgP | W56: Gls | X56: Ast | Y56: G+A | Z56: G-PK | AA56: G+A-PK | AB56: xG | AC56: xAG | AD56: xG+xAG | AE56: npxG | AF56: npxG+xAG
A57: Arsenal | B57: 25 | C57: 25 | D57: 58.2 | E57: 38 | F57: 418 | G57: 3420 | H57: 38 | I57: 86 | J57: 62 | K57: 148 | L57: 76 | M57: 10 | N57: 10 | O57: 64 | P57: 2 | Q57: 76.1 | R57: 68.5 | S57: 55.3 | T57: 123.8 | U57: 821 | V57: 2106 | W57: 2.26 | X57: 1.63 | Y57: 3.89 | Z57: 2 | AA57: 3.63 | AB57: 2 | AC57: 1.46 | AD57: 3.46 | AE57: 1.8 | AF57: 3.26
A58: Aston Villa | B58: 31 | C58: 26.9 | D58: 53.1 | E58: 38 | F58: 418 | G58: 3420 | H58: 38 | I58: 72 | J58: 55 | K58: 127 | L58: 68 | M58: 4 | N58: 4 | O58: 94 | P58: 2 | Q58: 63.3 | R58: 60.3 | S58: 48.6 | T58: 108.9 | U58: 775 | V58: 1451 | W58: 1.89 | X58: 1.45 | Y58: 3.34 | Z58: 1.79 | AA58: 3.24 | AB58: 1.67 | AC58: 1.28 | AD58: 2.95 | AE58: 1.59 | AF58: 2.87
A59: Bournemouth | B59: 30 | C59: 25.7 | D59: 44.4 | E59: 38 | F59: 418 | G59: 3420 | H59: 38 | I59: 52 | J59: 39 | K59: 91 | L59: 50 | M59: 2 | N59: 3 | O59: 79 | P59: 3 | Q59: 55.9 | R59: 53.6 | S59: 40.5 | T59: 94 | U59: 709 | V59: 1314 | W59: 1.37 | X59: 1.03 | Y59: 2.39 | Z59: 1.32 | AA59: 2.34 | AB59: 1.47 | AC59: 1.06 | AD59: 2.54 | AE59: 1.41 | AF59: 2.47
A60: Brentford | B60: 28 | C60: 26.6 | D60: 45.2 | E60: 38 | F60: 418 | G60: 3420 | H60: 38 | I60: 54 | J60: 38 | K60: 92 | L60: 51 | M60: 3 | N60: 3 | O60: 89 | P60: 2 | Q60: 58.2 | R60: 56 | S60: 42.7 | T60: 98.8 | U60: 505 | V60: 1283 | W60: 1.42 | X60: 1 | Y60: 2.42 | Z60: 1.34 | AA60: 2.34 | AB60: 1.53 | AC60: 1.12 | AD60: 2.66 | AE60: 1.47 | AF60: 2.6
A61: Brighton | B61: 30 | C61: 25.9 | D61: 59.8 | E61: 38 | F61: 418 | G61: 3420 | H61: 38 | I61: 50 | J61: 36 | K61: 86 | L61: 45 | M61: 5 | N61: 6 | O61: 90 | P61: 3 | Q61: 56.8 | R61: 52.2 | S61: 41.6 | T61: 93.8 | U61: 864 | V61: 1780 | W61: 1.32 | X61: 0.95 | Y61: 2.26 | Z61: 1.18 | AA61: 2.13 | AB61: 1.49 | AC61: 1.09 | AD61: 2.59 | AE61: 1.37 | AF61: 2.47
A62: Burnley | B62: 31 | C62: 24.5 | D62: 47.4 | E62: 38 | F62: 418 | G62: 3420 | H62: 38 | I62: 40 | J62: 30 | K62: 70 | L62: 37 | M62: 3 | N62: 3 | O62: 77 | P62: 7 | Q62: 40.6 | R62: 38.3 | S62: 29.7 | T62: 68 | U62: 727 | V62: 1181 | W62: 1.05 | X62: 0.79 | Y62: 1.84 | Z62: 0.97 | AA62: 1.76 | AB62: 1.07 | AC62: 0.78 | AD62: 1.85 | AE62: 1.01 | AF62: 1.79
A63: Chelsea | B63: 32 | C63: 24.2 | D63: 58.6 | E63: 38 | F63: 418 | G63: 3420 | H63: 38 | I63: 76 | J63: 51 | K63: 127 | L63: 65 | M63: 11 | N63: 12 | O63: 109 | P63: 4 | Q63: 74.5 | R63: 65.1 | S63: 51.4 | T63: 116.5 | U63: 873 | V63: 1615 | W63: 2 | X63: 1.34 | Y63: 3.34 | Z63: 1.71 | AA63: 3.05 | AB63: 1.96 | AC63: 1.35 | AD63: 3.31 | AE63: 1.71 | AF63: 3.06
A64: Crystal Palace | B64: 26 | C64: 26.7 | D64: 42.3 | E64: 38 | F64: 418 | G64: 3420 | H64: 38 | I64: 56 | J64: 43 | K64: 99 | L64: 52 | M64: 4 | N64: 4 | O64: 73 | P64: 2 | Q64: 48.6 | R64: 45.4 | S64: 38.7 | T64: 84.1 | U64: 506 | V64: 1176 | W64: 1.47 | X64: 1.13 | Y64: 2.61 | Z64: 1.37 | AA64: 2.5 | AB64: 1.28 | AC64: 1.02 | AD64: 2.3 | AE64: 1.2 | AF64: 2.21
A65: Everton | B65: 26 | C65: 27.1 | D65: 40.8 | E65: 38 | F65: 418 | G65: 3420 | H65: 38 | I65: 40 | J65: 17 | K65: 57 | L65: 38 | M65: 2 | N65: 3 | O65: 82 | P65: 1 | Q65: 54 | R65: 51.6 | S65: 38.1 | T65: 89.8 | U65: 495 | V65: 1129 | W65: 1.05 | X65: 0.45 | Y65: 1.5 | Z65: 1 | AA65: 1.45 | AB65: 1.42 | AC65: 1 | AD65: 2.43 | AE65: 1.36 | AF65: 2.36
A66: Fulham | B66: 25 | C66: 28.4 | D66: 50.6 | E66: 38 | F66: 418 | G66: 3420 | H66: 38 | I66: 54 | J66: 40 | K66: 94 | L66: 52 | M66: 2 | N66: 2 | O66: 84 | P66: 4 | Q66: 50.8 | R66: 49.2 | S66: 37.6 | T66: 86.8 | U66: 670 | V66: 1467 | W66: 1.42 | X66: 1.05 | Y66: 2.47 | Z66: 1.37 | AA66: 2.42 | AB66: 1.34 | AC66: 0.99 | AD66: 2.33 | AE66: 1.3 | AF66: 2.29
A67: Liverpool | B67: 30 | C67: 26.3 | D67: 61.3 | E67: 38 | F67: 418 | G67: 3420 | H67: 38 | I67: 80 | J67: 60 | K67: 140 | L67: 74 | M67: 6 | N67: 9 | O67: 69 | P67: 5 | Q67: 87.8 | R67: 80.4 | S67: 63.7 | T67: 144.1 | U67: 924 | V67: 2110 | W67: 2.11 | X67: 1.58 | Y67: 3.68 | Z67: 1.95 | AA67: 3.53 | AB67: 2.31 | AC67: 1.68 | AD67: 3.98 | AE67: 2.12 | AF67: 3.79
A68: Luton Town | B68: 28 | C68: 26.7 | D68: 42.4 | E68: 38 | F68: 418 | G68: 3420 | H68: 38 | I68: 49 | J68: 33 | K68: 82 | L68: 44 | M68: 5 | N68: 5 | O68: 71 | P68: 0 | Q68: 42.4 | R68: 38.6 | S68: 29.5 | T68: 68.2 | U68: 675 | V68: 1113 | W68: 1.29 | X68: 0.87 | Y68: 2.16 | Z68: 1.16 | AA68: 2.03 | AB68: 1.12 | AC68: 0.78 | AD68: 1.89 | AE68: 1.02 | AF68: 1.79
... A75: West Ham | B75: 26 | C75: 28.3 | D75: 41.1 | E75: 38 | F75: 418 | G75: 3420 | H75: 38 | I75: 58 | J75: 40 | K75: 98 | L75: 54 | M75: 4 | N75: 5 | O75: 82 | P75: 3 | Q75: 52.3 | R75: 48.4 | S75: 34.8 | T75: 83.2 | U75: 556 | V75: 1207 | W75: 1.53 | X75: 1.05 | Y75: 2.58 | Z75: 1.42 | AA75: 2.47 | AB75: 1.38 | AC75: 0.92 | AD75: 2.29 | AE75: 1.27 | AF75: 2.19
A76: Wolves | B76: 27 | C76: 26.6 | D76: 48.9 | E76: 38 | F76: 418 | G76: 3420 | H76: 38 | I76: 47 | J76: 36 | K76: 83 | L76: 43 | M76: 4 | N76: 4 | O76: 102 | P76: 4 | Q76: 46.7 | R76: 43.6 | S76: 31.8 | T76: 75.4 | U76: 671 | V76: 1180 | W76: 1.24 | X76: 0.95 | Y76: 2.18 | Z76: 1.13 | AA76: 2.08 | AB76: 1.23 | AC76: 0.84 | AD76: 2.07 | AE76: 1.15
A80: Standard | M80: Expected
A81: Squad | B81: # Pl | C81: 90s | D81: Gls | E81: Sh | F81: SoT | G81: SoT% | H81: Sh/90 | I81: SoT/90 | J81: G/Sh | K81: G/SoT | L81: Dist | M81: FK | N81: PK | O81: PKatt | P81: xG | Q81: npxG | R81: npxG/Sh | S81: G-xG | T81: np:G-xG | W81: Squad | X81: # Pl | Y81: 90s | Z81: Att | AA81: Live | AB81: Dead | AC81: FK | AD81: TB | AE81: Sw | AF81: Crs | AG81: TI | AH81: CK | AI81: In | AJ81: Out | AK81: Str | AL81: Cmp | AM81: Off | AN81: Blocks
A82: Arsenal | B82: 25 | C82: 38 | D82: 86 | E82: 647 | F82: 209 | G82: 32.3 | H82: 17.03 | I82: 5.5 | J82: 0.12 | K82: 0.36 | L82: 15.8 | M82: 6 | N82: 10 | O82: 10 | P82: 76.1 | Q82: 68.5 | R82: 0.11 | S82: 9.9 | T82: 7.5 | W82: Arsenal | X82: 25 | Y82: 38 | Z82: 22558 | AA82: 20941 | AB82: 1530 | AC82: 443 | AD82: 104 | AE82: 65 | AF82: 670 | AG82: 560 | AH82: 265 | AI82: 217 | AJ82: 1 | AK82: 0 | AL82: 19094 | AM82: 87 | AN82: 319
A83: Aston Villa | B83: 31 | C83: 38 | D83: 72 | E83: 511 | F83: 182 | G83: 35.6 | H83: 13.45 | I83: 4.79 | J83: 0.13 | K83: 0.37 | L83: 16 | M83: 15 | N83: 4 | O83: 4 | P83: 63.3 | Q83: 60.3 | R83: 0.12 | S83: 8.7 | T83: 7.7 | W83: Aston Villa | X83: 31 | Y83: 38 | Z83: 19363 | AA83: 17499 | AB83: 1817 | AC83: 628 | AD83: 80 | AE83: 95 | AF83: 651 | AG83: 613 | AH83: 231 | AI83: 149 | AJ83: 15 | AK83: 2 | AL83: 16133 | AM83: 47 | AN83: 343
A84: Bournemouth | B84: 30 | C84: 38 | D84: 52 | E84: 539 | F84: 175 | G84: 32.5 | H84: 14.18 | I84: 4.61 | J84: 0.09 | K84: 0.29 | L84: 16.7 | M84: 18 | N84: 2 | O84: 3 | P84: 55.9 | Q84: 53.6 | R84: 0.1 | S84: -3.9 | T84: -3.6 | W84: Bournemouth | X84: 30 | Y84: 38 | Z84: 15920 | AA84: 14065 | AB84: 1799 | AC84: 419 | AD84: 48 | AE84: 91 | AF84: 709 | AG84: 774 | AH84: 235 | AI84: 192 | AJ84: 9 | AK84: 4 | AL84: 11899 | AM84: 56 | AN84: 361
A85: Brentford | B85: 28 | C85: 38 | D85: 54 | E85: 470 | F85: 159 | G85: 33.8 | H85: 12.37 | I85: 4.18 | J85: 0.11 | K85: 0.32 | L85: 15.6 | M85: 17 | N85: 3 | O85: 3 | P85: 58.2 | Q85: 56 | R85: 0.12 | S85: -4.2 | T85: -5 | W85: Brentford | X85: 28 | Y85: 38 | Z85: 16818 | AA85: 14996 | AB85: 1752 | AC85: 464 | AD85: 70 | AE85: 113 | AF85: 706 | AG85: 683 | AH85: 184 | AI85: 79 | AJ85: 51 | AK85: 10 | AL85: 12551 | AM85: 70 | AN85: 357
A86: Brighton | B86: 30 | C86: 38 | D86: 50 | E86: 555 | F86: 198 | G86: 35.7 | H86: 14.61 | I86: 5.21 | J86: 0.08 | K86: 0.23 | L86: 16.7 | M86: 11 | N86: 5 | O86: 6 | P86: 56.8 | Q86: 52.2 | R86: 0.1 | S86: -6.8 | T86: -7.2 | W86: Brighton | X86: 30 | Y86: 38 | Z86: 25029 | AA86: 23334 | AB86: 1611 | AC86: 511 | AD86: 62 | AE86: 76 | AF86: 671 | AG86: 541 | AH86: 206 | AI86: 86 | AJ86: 73 | AK86: 5 | AL86: 21810 | AM86: 84 | AN86: 327
A87: Burnley | B87: 31 | C87: 38 | D87: 40 | E87: 430 | F87: 137 | G87: 31.9 | H87: 11.32 | I87: 3.61 | J87: 0.09 | K87: 0.27 | L87: 17.7 | M87: 13 | N87: 3 | O87: 3 | P87: 40.6 | Q87: 38.3 | R87: 0.09 | S87: -0.6 | T87: -1.3 | W87: Burnley | X87: 31 | Y87: 38 | Z87: 17959 | AA87: 16189 | AB87: 1694 | AC87: 445 | AD87: 49 | AE87: 77 | AF87: 550 | AG87: 670 | AH87: 180 | AI87: 67 | AJ87: 58 | AK87: 9 | AL87: 13937 | AM87: 76 | AN87: 344
A88: Chelsea | B88: 32 | C88: 38 | D88: 76 | E88: 537 | F88: 194 | G88: 36.1 | H88: 14.13 | I88: 5.11 | J88: 0.12 | K88: 0.34 | L88: 17.3 | M88: 22 | N88: 11 | O88: 12 | P88: 74.5 | Q88: 65.1 | R88: 0.12 | S88: 1.5 | T88: -0.1 | W88: Chelsea | X88: 32 | Y88: 38 | Z88: 23364 | AA88: 21587 | AB88: 1692 | AC88: 496 | AD88: 116 | AE88: 101 | AF88: 558 | AG88: 611 | AH88: 202 | AI88: 78 | AJ88: 55 | AK88: 4 | AL88: 20039 | AM88: 85 | AN88: 348
A89: Crystal Palace | B89: 26 | C89: 38 | D89: 56 | E89: 452 | F89: 162 | G89: 35.8 | H89: 11.89 | I89: 4.26 | J89: 0.12 | K89: 0.32 | L89: 17.2 | M89: 20 | N89: 4 | O89: 4 | P89: 48.6 | Q89: 45.4 | R89: 0.1 | S89: 7.4 | T89: 6.6 | W89: Crystal Palace | X89: 26 | Y89: 38 | Z89: 16754 | AA89: 14948 | AB89: 1734 | AC89: 484 | AD89: 52 | AE89: 97 | AF89: 583 | AG89: 721 | AH89: 178 | AI89: 81 | AJ89: 57 | AK89: 6 | AL89: 12915 | AM89: 72 | AN89: 366
A90: Everton | B90: 26 | C90: 38 | D90: 40 | E90: 504 | F90: 152 | G90: 30.2 | H90: 13.26 | I90: 4 | J90: 0.08 | K90: 0.25 | L90: 16.7 | M90: 14 | N90: 2 | O90: 3 | P90: 54 | Q90: 51.6 | R90: 0.11 | S90: -14 | T90: -13.6 | W90: Everton | X90: 26 | Y90: 38 | Z90: 15514 | AA90: 13704 | AB90: 1721 | AC90: 409 | AD90: 45 | AE90: 78 | AF90: 752 | AG90: 768 | AH90: 181 | AI90: 140 | AJ90: 26 | AK90: 3 | AL90: 11349 | AM90: 89 | AN90: 347
A91: Fulham | B91: 25 | C91: 38 | D91: 54 | E91: 499 | F91: 175 | G91: 35.1 | H91: 13.13 | I91: 4.61 | J91: 0.1 | K91: 0.3 | L91: 17 | M91: 14 | N91: 2 | O91: 2 | P91: 50.8 | Q91: 49.2 | R91: 0.1 | S91: 3.2 | T91: 2.8 | W91: Fulham | X91: 25 | Y91: 38 | Z91: 20237 | AA91: 18414 | AB91: 1772 | AC91: 464 | AD91: 58 | AE91: 118 | AF91: 736 | AG91: 696 | AH91: 212 | AI91: 70 | AJ91: 98 | AK91: 1 | AL91: 16311 | AM91: 51 | AN91: 421
A92: Liverpool | B92: 30 | C92: 38 | D92: 80 | E92: 781 | F92: 263 | G92: 33.7 | H92: 20.55 | I92: 6.92 | J92: 0.09 | K92: 0.28 | L92: 17.2 | M92: 18 | N92: 6 | O92: 9 | P92: 87.8 | Q92: 80.4 | R92: 0.11 | S92: -7.8 | T92: -6.4 | W92: Liverpool | X92: 30 | Y92: 38 | Z92: 24379 | AA92: 22490 | AB92: 1789 | AC92: 440 | AD92: 102 | AE92: 145 | AF92: 817 | AG92: 755 | AH92: 287 | AI92: 86 | AJ92: 171 | AK92: 2 | AL92: 20376 | AM92: 100 | AN92: 371
A93: Luton Town | B93: 28 | C93: 38 | D93: 49 | E93: 427 | F93: 134 | G93: 31.4 | H93: 11.24 | I93: 3.53 | J93: 0.1 | K93: 0.33 | L93: 16.3 | M93: 11 | N93: 5 | O93: 5 | P93: 42.4 | Q93: 38.6 | R93: 0.09 | S93: 6.6 | T93: 5.4 | W93: Luton Town | X93: 28 | Y93: 38 | Z93: 15099 | AA93: 13156 | AB93: 1876 | AC93: 498 | AD93: 22 | AE93: 111 | AF93: 841 | AG93: 703 | AH93: 203 | AI93: 93 | AJ93: 101 | AK93: 5 | AL93: 11048 | AM93: 67 | AN93: 413
... A101: Wolves | B101: 27 | C101: 38 | D101: 47 | E101: 425 | F101: 153 | G101: 36 | H101: 11.18 | I101: 4.03 | J101: 0.1 | K101: 0.28 | L101: 16.7 | M101: 12 | N101: 4 | O101: 4 | P101: 46.7 | Q101: 43.6 | R101: 0.11 | S101: 0.3 | T101: -0.6 | W101: Wolves | X101: 27 | Y101: 38 | Z101: 19175 | AA101: 17409 | AB101: 1688 | AC101: 439 | AD101: 49 | AE101: 125 | AF101: 578 | AG101: 684 | AH101: 156 | AI101: 75 | AJ101: 41 | AK101: 15 | AL101: 15484 | AM101: 78 | AN101: 333
A104: Squad | B104: # Pl | C104: 90s | D104: Tkl | E104: TklW | F104: Def 3rd | G104: Mid 3rd | H104: Att 3rd | I104: Tkl | J104: Att | K104: Tkl% | L104: Lost | M104: Blocks | N104: Sh | O104: Pass | P104: Int | Q104: Tkl+Int | R104: Clr | S104: Err
A105: Arsenal | B105: 25 | C105: 38 | D105: 610 | E105: 348 | F105: 257 | G105: 246 | H105: 107 | I105: 271 | J105: 543 | K105: 49.9 | L105: 272 | M105: 412 | N105: 106 | O105: 306 | P105: 292 | Q105: 902 | R105: 515 | S105: 18
A106: Aston Villa | B106: 31 | C106: 38 | D106: 547 | E106: 311 | F106: 269 | G106: 210 | H106: 68 | I106: 260 | J106: 550 | K106: 47.3 | L106: 290 | M106: 389 | N106: 113 | O106: 276 | P106: 236 | Q106: 783 | R106: 597 | S106: 13
A107: Bournemouth | B107: 30 | C107: 38 | D107: 693 | E107: 410 | F107: 301 | G107: 281 | H107: 111 | I107: 325 | J107: 688 | K107: 47.2 | L107: 363 | M107: 504 | N107: 153 | O107: 351 | P107: 357 | Q107: 1050 | R107: 817 | S107: 16
A108: Brentford | B108: 28 | C108: 38 | D108: 677 | E108: 399 | F108: 349 | G108: 250 | H108: 78 | I108: 317 | J108: 697 | K108: 45.5 | L108: 380 | M108: 474 | N108: 142 | O108: 332 | P108: 378 | Q108: 1055 | R108: 903 | S108: 18
A109: Brighton | B109: 30 | C109: 38 | D109: 644 | E109: 366 | F109: 292 | G109: 252 | H109: 100 | I109: 307 | J109: 658 | K109: 46.7 | L109: 351 | M109: 437 | N109: 140 | O109: 297 | P109: 288 | Q109: 932 | R109: 603 | S109: 21
A110: Burnley | B110: 31 | C110: 38 | D110: 607 | E110: 342 | F110: 282 | G110: 247 | H110: 78 | I110: 284 | J110: 584 | K110: 48.6 | L110: 300 | M110: 477 | N110: 169 | O110: 308 | P110: 280 | Q110: 887 | R110: 837 | S110: 22
A111: Chelsea | B111: 32 | C111: 38 | D111: 663 | E111: 376 | F111: 325 | G111: 235 | H111: 103 | I111: 323 | J111: 630 | K111: 51.3 | L111: 307 | M111: 448 | N111: 166 | O111: 282 | P111: 298 | Q111: 961 | R111: 785 | S111: 24
A112: Crystal Palace | B112: 26 | C112: 38 | D112: 788 | E112: 464 | F112: 373 | G112: 301 | H112: 114 | I112: 337 | J112: 609 | K112: 55.3 | L112: 272 | M112: 456 | N112: 122 | O112: 334 | P112: 323 | Q112: 1111 | R112: 927 | S112: 6
A113: Everton | B113: 26 | C113: 38 | D113: 743 | E113: 442 | F113: 371 | G113: 261 | H113: 111 | I113: 347 | J113: 701 | K113: 49.5 | L113: 354 | M113: 479 | N113: 177 | O113: 302 | P113: 358 | Q113: 1101 | R113: 882 | S113: 12
A114: Fulham | B114: 25 | C114: 38 | D114: 679 | E114: 384 | F114: 339 | G114: 260 | H114: 80 | I114: 346 | J114: 678 | K114: 51 | L114: 332 | M114: 437 | N114: 117 | O114: 320 | P114: 371 | Q114: 1050 | R114: 744 | S114: 14
A115: Liverpool | B115: 30 | C115: 38 | D115: 677 | E115: 418 | F115: 274 | G115: 290 | H115: 113 | I115: 341 | J115: 768 | K115: 44.4 | L115: 427 | M115: 475 | N115: 108 | O115: 367 | P115: 292 | Q115: 969 | R115: 583 | S115: 19
A116: Luton Town | B116: 28 | C116: 38 | D116: 654 | E116: 368 | F116: 330 | G116: 236 | H116: 88 | I116: 299 | J116: 616 | K116: 48.5 | L116: 317 | M116: 493 | N116: 183 | O116: 310 | P116: 325 | Q116: 979 | R116: 916 | S116: 21
... A124: Wolves | B124: 27 | C124: 38 | D124: 739 | E124: 430 | F124: 415 | G124: 247 | H124: 77 | I124: 312 | J124: 607 | K124: 51.4 | L124: 295 | M124: 506 | N124: 173 | O124: 333 | P124: 284 | Q124: 1023 | R124: 828 | S124: 16
A127: Squad | B127: # Pl | C127: 90s | D127: CrdY | E127: CrdR | F127: 2CrdY | G127: Fls | H127: Fld | I127: Off | J127: Crs | K127: Int | L127: TklW | M127: PKwon | N127: PKcon | O127: OG | P127: Recov | Q127: Won | R127: Lost | S127: Won%
A128: Arsenal | B128: 25 | C128: 38 | D128: 64 | E128: 2 | F128: 1 | G128: 391 | H128: 394 | I128: 87 | J128: 670 | K128: 292 | L128: 348 | M128: 9 | N128: 3 | O128: 1 | P128: 1752 | Q128: 503 | R128: 499 | S128: 50.2
A129: Aston Villa | B129: 31 | C129: 38 | D129: 94 | E129: 2 | F129: 0 | G129: 412 | H129: 473 | I129: 47 | J129: 651 | K129: 236 | L129: 311 | M129: 4 | N129: 2 | O129: 4 | P129: 1619 | Q129: 334 | R129: 363 | S129: 47.9
A130: Bournemouth | B130: 30 | C130: 38 | D130: 79 | E130: 3 | F130: 0 | G130: 507 | H130: 376 | I130: 56 | J130: 709 | K130: 357 | L130: 410 | M130: 3 | N130: 7 | O130: 1 | P130: 2013 | Q130: 582 | R130: 671 | S130: 46.4
A131: Brentford | B131: 28 | C131: 38 | D131: 89 | E131: 2 | F131: 0 | G131: 385 | H131: 419 | I131: 70 | J131: 706 | K131: 378 | L131: 399 | M131: 3 | N131: 2 | O131: 0 | P131: 1892 | Q131: 632 | R131: 607 | S131: 51
A132: Brighton | B132: 30 | C132: 38 | D132: 90 | E132: 3 | F132: 0 | G132: 414 | H132: 454 | I132: 84 | J132: 671 | K132: 288 | L132: 366 | M132: 6 | N132: 6 | O132: 2 | P132: 1751 | Q132: 406 | R132: 345 | S132: 54.1
A133: Burnley | B133: 31 | C133: 38 | D133: 77 | E133: 7 | F133: 3 | G133: 429 | H133: 353 | I133: 76 | J133: 550 | K133: 280 | L133: 342 | M133: 3 | N133: 7 | O133: 3 | P133: 1727 | Q133: 561 | R133: 696 | S133: 44.6
A134: Chelsea | B134: 32 | C134: 38 | D134: 109 | E134: 4 | F134: 2 | G134: 446 | H134: 451 | I134: 85 | J134: 558 | K134: 298 | L134: 376 | M134: 11 | N134: 5 | O134: 3 | P134: 1846 | Q134: 440 | R134: 402 | S134: 52.3
A135: Crystal Palace | B135: 26 | C135: 38 | D135: 73 | E135: 2 | F135: 2 | G135: 457 | H135: 427 | I135: 72 | J135: 583 | K135: 323 | L135: 464 | M135: 4 | N135: 3 | O135: 2 | P135: 1909 | Q135: 553 | R135: 555 | S135: 49.9
A136: Everton | B136: 26 | C136: 38 | D136: 82 | E136: 1 | F136: 1 | G136: 457 | H136: 361 | I136: 89 | J136: 752 | K136: 358 | L136: 442 | M136: 2 | N136: 8 | O136: 3 | P136: 1970 | Q136: 676 | R136: 577 | S136: 54
A137: Fulham | B137: 25 | C137: 38 | D137: 84 | E137: 4 | F137: 3 | G137: 384 | H137: 364 | I137: 51 | J137: 736 | K137: 371 | L137: 384 | M137: 2 | N137: 8 | O137: 4 | P137: 1837 | Q137: 487 | R137: 509 | S137: 48.9
A138: Liverpool | B138: 30 | C138: 38 | D138: 69 | E138: 5 | F138: 2 | G138: 463 | H138: 376 | I138: 100 | J138: 817 | K138: 292 | L138: 418 | M138: 8 | N138: 1 | O138: 2 | P138: 2034 | Q138: 583 | R138: 441 | S138: 56.9
A139: Luton Town | B139: 28 | C139: 38 | D139: 71 | E139: 0 | F139: 0 | G139: 443 | H139: 448 | I139: 67 | J139: 841 | K139: 325 | L139: 368 | M139: 2 | N139: 4 | O139: 4 | P139: 1868 | Q139: 635 | R139: 631 | S139: 50.2
... A147: Wolves | B147: 27 | C147: 38 | D147: 102 | E147: 4 | F147: 2 | G147: 476 | H147: 405 | I147: 78 | J147: 578 | K147: 284 | L147: 430 | M147: 4 | N147: 8 | O147: 1 | P147: 1885 | Q147: 441 | R147: 491 | S147: 47.3

Sheet Todas las temporadas
A1: Posición en la tabla | B1: Equipo | C1: Goles a favor | D1: Goles en contra | E1: Diferencia de goles | F1: Porterias en cero | G1: Tarjetas Amarillas | H1: Tarjetas Rojas | I1: XG F | J1: XG A | K1: G vs XG | L1: Tiros | M1: Tiros a gol | N1: Gol de penal | O1: Gol de cabeza | P1: Gol dentro del área | Q1: Gol fuera del área | R1: Gol de contragolpe | S1: Fueras de lugar | T1: Auotgoles | U1: Penales provocados | V1: Paradas | W1: Despejes | X1: Barridas | Y1: Faltas | Z1: # de pases | AA1: Pases filtrados | AB1: Pases hacia atrás | AC1: Centros | AD1: Corners | AE1: Dinero gastado en transferencias (Millones de euros) | AF1: Dinero ingresado por transferencias (millones de euros) | AG1: Jugadores nuevos | AH1: Jugadores vendidos | AI1: Valor de la plantilla | AJ1: # de jugadores | AK1: Valor promedio jugadores | AL1: Asistencia promedio al estadio | AM1: % ventaja local | AN1: Competencias Europeas | AO1: Recien ascendido | AP1: Champions | AQ1: Descenso | AR1: Big 6 | AS1: Temporada
A2: 1 | B2: =_xlfn.XLOOKUP($A2,'2015-2016'!$B$4:$B$23,'2015-2016'!C$4:C$23) -> Leicester City | C2: =_xlfn.XLOOKUP($A2,'2015-2016'!$B$4:$B$23,'2015-2016'!D$4:D$23) -> 68 | D2: =_xlfn.XLOOKUP($A2,'2015-2016'!$B$4:$B$23,'2015-2016'!E$4:E$23) -> 36 | E2: =_xlfn.XLOOKUP($A2,'2015-2016'!$B$4:$B$23,'2015-2016'!F$4:F$23) -> 32 | F2: =_xlfn.XLOOKUP($A2,'2015-2016'!$B$4:$B$23,'2015-2016'!G$4:G$23) -> 15 | G2: =_xlfn.XLOOKUP($A2,'2015-2016'!$B$4:$B$23,'2015-2016'!H$4:H$23) -> 48 | H2: =_xlfn.XLOOKUP($A2,'2015-2016'!$B$4:$B$23,'2015-2016'!I$4:I$23) -> 3 | I2: =_xlfn.XLOOKUP($A2,'2015-2016'!$B$4:$B$23,'2015-2016'!J$4:J$23) -> NA | ... AS2: =_xlfn.XLOOKUP($A2,'2015-2016'!$B$4:$B$23,'2015-2016'!AT$4:AT$23) -> 15/16
A3: 2 | B3: =_xlfn.XLOOKUP($A3,'2015-2016'!$B$4:$B$23,'2015-2016'!C$4:C$23) -> Arsenal | C3: =_xlfn.XLOOKUP($A3,'2015-2016'!$B$4:$B$23,'2015-2016'!D$4:D$23) -> 65 | D3: =_xlfn.XLOOKUP($A3,'2015-2016'!$B$4:$B$23,'2015-2016'!E$4:E$23) -> 36 | E3: =_xlfn.XLOOKUP($A3,'2015-2016'!$B$4:$B$23,'2015-2016'!F$4:F$23) -> 29 | F3: =_xlfn.XLOOKUP($A3,'2015-2016'!$B$4:$B$23,'2015-2016'!G$4:G$23) -> 18 | G3: =_xlfn.XLOOKUP($A3,'2015-2016'!$B$4:$B$23,'2015-2016'!H$4:H$23) -> 40 | H3: =_xlfn.XLOOKUP($A3,'2015-2016'!$B$4:$B$23,'2015-2016'!I$4:I$23) -> 4 | I3: =_xlfn.XLOOKUP($A3,'2015-2016'!$B$4:$B$23,'2015-2016'!J$4:J$23) -> NA | ... AS3: =_xlfn.XLOOKUP($A3,'2015-2016'!$B$4:$B$23,'2015-2016'!AT$4:AT$23) -> 15/16
A4: 3 | B4: =_xlfn.XLOOKUP($A4,'2015-2016'!$B$4:$B$23,'2015-2016'!C$4:C$23) -> Tottenham Hotspur | C4: =_xlfn.XLOOKUP($A4,'2015-2016'!$B$4:$B$23,'2015-2016'!D$4:D$23) -> 69 | D4: =_xlfn.XLOOKUP($A4,'2015-2016'!$B$4:$B$23,'2015-2016'!E$4:E$23) -> 35 | E4: =_xlfn.XLOOKUP($A4,'2015-2016'!$B$4:$B$23,'2015-2016'!F$4:F$23) -> 34 | F4: =_xlfn.XLOOKUP($A4,'2015-2016'!$B$4:$B$23,'2015-2016'!G$4:G$23) -> 13 | G4: =_xlfn.XLOOKUP($A4,'2015-2016'!$B$4:$B$23,'2015-2016'!H$4:H$23) -> 72 | H4: =_xlfn.XLOOKUP($A4,'2015-2016'!$B$4:$B$23,'2015-2016'!I$4:I$23) -> 1 | I4: =_xlfn.XLOOKUP($A4,'2015-2016'!$B$4:$B$23,'2015-2016'!J$4:J$23) -> NA | ... AS4: =_xlfn.XLOOKUP($A4,'2015-2016'!$B$4:$B$23,'2015-2016'!AT$4:AT$23) -> 15/16
A5: 4 | B5: =_xlfn.XLOOKUP($A5,'2015-2016'!$B$4:$B$23,'2015-2016'!C$4:C$23) -> Manchester City | C5: =_xlfn.XLOOKUP($A5,'2015-2016'!$B$4:$B$23,'2015-2016'!D$4:D$23) -> 71 | D5: =_xlfn.XLOOKUP($A5,'2015-2016'!$B$4:$B$23,'2015-2016'!E$4:E$23) -> 41 | E5: =_xlfn.XLOOKUP($A5,'2015-2016'!$B$4:$B$23,'2015-2016'!F$4:F$23) -> 30 | F5: =_xlfn.XLOOKUP($A5,'2015-2016'!$B$4:$B$23,'2015-2016'!G$4:G$23) -> 16 | G5: =_xlfn.XLOOKUP($A5,'2015-2016'!$B$4:$B$23,'2015-2016'!H$4:H$23) -> 61 | H5: =_xlfn.XLOOKUP($A5,'2015-2016'!$B$4:$B$23,'2015-2016'!I$4:I$23) -> 1 | I5: =_xlfn.XLOOKUP($A5,'2015-2016'!$B$4:$B$23,'2015-2016'!J$4:J$23) -> NA | ... AS5: =_xlfn.XLOOKUP($A5,'2015-2016'!$B$4:$B$23,'2015-2016'!AT$4:AT$23) -> 15/16
A6: 5 | B6: =_xlfn.XLOOKUP($A6,'2015-2016'!$B$4:$B$23,'2015-2016'!C$4:C$23) -> Manchester United | C6: =_xlfn.XLOOKUP($A6,'2015-2016'!$B$4:$B$23,'2015-2016'!D$4:D$23) -> 49 | D6: =_xlfn.XLOOKUP($A6,'2015-2016'!$B$4:$B$23,'2015-2016'!E$4:E$23) -> 35 | E6: =_xlfn.XLOOKUP($A6,'2015-2016'!$B$4:$B$23,'2015-2016'!F$4:F$23) -> 14 | F6: =_xlfn.XLOOKUP($A6,'2015-2016'!$B$4:$B$23,'2015-2016'!G$4:G$23) -> 18 | G6: =_xlfn.XLOOKUP($A6,'2015-2016'!$B$4:$B$23,'2015-2016'!H$4:H$23) -> 65 | H6: =_xlfn.XLOOKUP($A6,'2015-2016'!$B$4:$B$23,'2015-2016'!I$4:I$23) -> 1 | I6: =_xlfn.XLOOKUP($A6,'2015-2016'!$B$4:$B$23,'2015-2016'!J$4:J$23) -> NA | ... AS6: =_xlfn.XLOOKUP($A6,'2015-2016'!$B$4:$B$23,'2015-2016'!AT$4:AT$23) -> 15/16
A7: 6 | B7: =_xlfn.XLOOKUP($A7,'2015-2016'!$B$4:$B$23,'2015-2016'!C$4:C$23) -> Southampton | C7: =_xlfn.XLOOKUP($A7,'2015-2016'!$B$4:$B$23,'2015-2016'!D$4:D$23) -> 59 | D7: =_xlfn.XLOOKUP($A7,'2015-2016'!$B$4:$B$23,'2015-2016'!E$4:E$23) -> 41 | E7: =_xlfn.XLOOKUP($A7,'2015-2016'!$B$4:$B$23,'2015-2016'!F$4:F$23) -> 18 | F7: =_xlfn.XLOOKUP($A7,'2015-2016'!$B$4:$B$23,'2015-2016'!G$4:G$23) -> 12 | G7: =_xlfn.XLOOKUP($A7,'2015-2016'!$B$4:$B$23,'2015-2016'!H$4:H$23) -> 57 | H7: =_xlfn.XLOOKUP($A7,'2015-2016'!$B$4:$B$23,'2015-2016'!I$4:I$23) -> 6 | I7: =_xlfn.XLOOKUP($A7,'2015-2016'!$B$4:$B$23,'2015-2016'!J$4:J$23) -> NA | ... AS7: =_xlfn.XLOOKUP($A7,'2015-2016'!$B$4:$B$23,'2015-2016'!AT$4:AT$23) -> 15/16
A8: 7 | B8: =_xlfn.XLOOKUP($A8,'2015-2016'!$B$4:$B$23,'2015-2016'!C$4:C$23) -> West Ham United | C8: =_xlfn.XLOOKUP($A8,'2015-2016'!$B$4:$B$23,'2015-2016'!D$4:D$23) -> 65 | D8: =_xlfn.XLOOKUP($A8,'2015-2016'!$B$4:$B$23,'2015-2016'!E$4:E$23) -> 51 | E8: =_xlfn.XLOOKUP($A8,'2015-2016'!$B$4:$B$23,'2015-2016'!F$4:F$23) -> 14 | F8: =_xlfn.XLOOKUP($A8,'2015-2016'!$B$4:$B$23,'2015-2016'!G$4:G$23) -> 11 | G8: =_xlfn.XLOOKUP($A8,'2015-2016'!$B$4:$B$23,'2015-2016'!H$4:H$23) -> 58 | H8: =_xlfn.XLOOKUP($A8,'2015-2016'!$B$4:$B$23,'2015-2016'!I$4:I$23) -> 5 | I8: =_xlfn.XLOOKUP($A8,'2015-2016'!$B$4:$B$23,'2015-2016'!J$4:J$23) -> NA | ... AS8: =_xlfn.XLOOKUP($A8,'2015-2016'!$B$4:$B$23,'2015-2016'!AT$4:AT$23) -> 15/16
A9: 8 | B9: =_xlfn.XLOOKUP($A9,'2015-2016'!$B$4:$B$23,'2015-2016'!C$4:C$23) -> Liverpool | C9: =_xlfn.XLOOKUP($A9,'2015-2016'!$B$4:$B$23,'2015-2016'!D$4:D$23) -> 63 | D9: =_xlfn.XLOOKUP($A9,'2015-2016'!$B$4:$B$23,'2015-2016'!E$4:E$23) -> 50 | E9: =_xlfn.XLOOKUP($A9,'2015-2016'!$B$4:$B$23,'2015-2016'!F$4:F$23) -> 13 | F9: =_xlfn.XLOOKUP($A9,'2015-2016'!$B$4:$B$23,'2015-2016'!G$4:G$23) -> 11 | G9: =_xlfn.XLOOKUP($A9,'2015-2016'!$B$4:$B$23,'2015-2016'!H$4:H$23) -> 61 | H9: =_xlfn.XLOOKUP($A9,'2015-2016'!$B$4:$B$23,'2015-2016'!I$4:I$23) -> 3 | I9: =_xlfn.XLOOKUP($A9,'2015-2016'!$B$4:$B$23,'2015-2016'!J$4:J$23) -> NA | ... AS9: =_xlfn.XLOOKUP($A9,'2015-2016'!$B$4:$B$23,'2015-2016'!AT$4:AT$23) -> 15/16
A10: 9 | B10: =_xlfn.XLOOKUP($A10,'2015-2016'!$B$4:$B$23,'2015-2016'!C$4:C$23) -> Stoke City | C10: =_xlfn.XLOOKUP($A10,'2015-2016'!$B$4:$B$23,'2015-2016'!D$4:D$23) -> 41 | D10: =_xlfn.XLOOKUP($A10,'2015-2016'!$B$4:$B$23,'2015-2016'!E$4:E$23) -> 55 | E10: =_xlfn.XLOOKUP($A10,'2015-2016'!$B$4:$B$23,'2015-2016'!F$4:F$23) -> -14 | F10: =_xlfn.XLOOKUP($A10,'2015-2016'!$B$4:$B$23,'2015-2016'!G$4:G$23) -> 10 | G10: =_xlfn.XLOOKUP($A10,'2015-2016'!$B$4:$B$23,'2015-2016'!H$4:H$23) -> 51 | H10: =_xlfn.XLOOKUP($A10,'2015-2016'!$B$4:$B$23,'2015-2016'!I$4:I$23) -> 4 | I10: =_xlfn.XLOOKUP($A10,'2015-2016'!$B$4:$B$23,'2015-2016'!J$4:J$23) -> NA | ... AS10: =_xlfn.XLOOKUP($A10,'2015-2016'!$B$4:$B$23,'2015-2016'!AT$4:AT$23) -> 15/16
A11: 10 | B11: =_xlfn.XLOOKUP($A11,'2015-2016'!$B$4:$B$23,'2015-2016'!C$4:C$23) -> Chelsea | C11: =_xlfn.XLOOKUP($A11,'2015-2016'!$B$4:$B$23,'2015-2016'!D$4:D$23) -> 59 | D11: =_xlfn.XLOOKUP($A11,'2015-2016'!$B$4:$B$23,'2015-2016'!E$4:E$23) -> 53 | E11: =_xlfn.XLOOKUP($A11,'2015-2016'!$B$4:$B$23,'2015-2016'!F$4:F$23) -> 6 | F11: =_xlfn.XLOOKUP($A11,'2015-2016'!$B$4:$B$23,'2015-2016'!G$4:G$23) -> 9 | G11: =_xlfn.XLOOKUP($A11,'2015-2016'!$B$4:$B$23,'2015-2016'!H$4:H$23) -> 58 | H11: =_xlfn.XLOOKUP($A11,'2015-2016'!$B$4:$B$23,'2015-2016'!I$4:I$23) -> 5 | I11: =_xlfn.XLOOKUP($A11,'2015-2016'!$B$4:$B$23,'2015-2016'!J$4:J$23) -> NA | ... AS11: =_xlfn.XLOOKUP($A11,'2015-2016'!$B$4:$B$23,'2015-2016'!AT$4:AT$23) -> 15/16
A12: 11 | B12: =_xlfn.XLOOKUP($A12,'2015-2016'!$B$4:$B$23,'2015-2016'!C$4:C$23) -> Everton | C12: =_xlfn.XLOOKUP($A12,'2015-2016'!$B$4:$B$23,'2015-2016'!D$4:D$23) -> 59 | D12: =_xlfn.XLOOKUP($A12,'2015-2016'!$B$4:$B$23,'2015-2016'!E$4:E$23) -> 55 | E12: =_xlfn.XLOOKUP($A12,'2015-2016'!$B$4:$B$23,'2015-2016'!F$4:F$23) -> 4 | F12: =_xlfn.XLOOKUP($A12,'2015-2016'!$B$4:$B$23,'2015-2016'!G$4:G$23) -> 10 | G12: =_xlfn.XLOOKUP($A12,'2015-2016'!$B$4:$B$23,'2015-2016'!H$4:H$23) -> 44 | H12: =_xlfn.XLOOKUP($A12,'2015-2016'!$B$4:$B$23,'2015-2016'!I$4:I$23) -> 5 | I12: =_xlfn.XLOOKUP($A12,'2015-2016'!$B$4:$B$23,'2015-2016'!J$4:J$23) -> NA | ... AS12: =_xlfn.XLOOKUP($A12,'2015-2016'!$B$4:$B$23,'2015-2016'!AT$4:AT$23) -> 15/16
A13: 12 | B13: =_xlfn.XLOOKUP($A13,'2015-2016'!$B$4:$B$23,'2015-2016'!C$4:C$23) -> Swansea City | C13: =_xlfn.XLOOKUP($A13,'2015-2016'!$B$4:$B$23,'2015-2016'!D$4:D$23) -> 42 | D13: =_xlfn.XLOOKUP($A13,'2015-2016'!$B$4:$B$23,'2015-2016'!E$4:E$23) -> 52 | E13: =_xlfn.XLOOKUP($A13,'2015-2016'!$B$4:$B$23,'2015-2016'!F$4:F$23) -> -10 | F13: =_xlfn.XLOOKUP($A13,'2015-2016'!$B$4:$B$23,'2015-2016'!G$4:G$23) -> 9 | G13: =_xlfn.XLOOKUP($A13,'2015-2016'!$B$4:$B$23,'2015-2016'!H$4:H$23) -> 60 | H13: =_xlfn.XLOOKUP($A13,'2015-2016'!$B$4:$B$23,'2015-2016'!I$4:I$23) -> 1 | I13: =_xlfn.XLOOKUP($A13,'2015-2016'!$B$4:$B$23,'2015-2016'!J$4:J$23) -> NA | ... AS13: =_xlfn.XLOOKUP($A13,'2015-2016'!$B$4:$B$23,'2015-2016'!AT$4:AT$23) -> 15/16
... A21: 20 | B21: =_xlfn.XLOOKUP($A21,'2015-2016'!$B$4:$B$23,'2015-2016'!C$4:C$23) -> Aston Villa | C21: =_xlfn.XLOOKUP($A21,'2015-2016'!$B$4:$B$23,'2015-2016'!D$4:D$23) -> 27 | D21: =_xlfn.XLOOKUP($A21,'2015-2016'!$B$4:$B$23,'2015-2016'!E$4:E$23) -> 76 | E21: =_xlfn.XLOOKUP($A21,'2015-2016'!$B$4:$B$23,'2015-2016'!F$4:F$23) -> -49 | F21: =_xlfn.XLOOKUP($A21,'2015-2016'!$B$4:$B$23,'2015-2016'!G$4:G$23) -> 6 | G21: =_xlfn.XLOOKUP($A21,'2015-2016'!$B$4:$B$23,'2015-2016'!H$4:H$23) -> 75 | H21: =_xlfn.XLOOKUP($A21,'2015-2016'!$B$4:$B$23,'2015-2016'!I$4:I$23) -> 3 | I21: =_xlfn.XLOOKUP($A21,'2015-2016'!$B$4:$B$23,'2015-2016'!J$4:J$23) -> NA | ... AS21: =_xlfn.XLOOKUP($A21,'2015-2016'!$B$4:$B$23,'2015-2016'!AT$4:AT$23) -> 15/16
A22: 1 | B22: =_xlfn.XLOOKUP($A22,'2016-2017'!$B$4:$B$23,'2016-2017'!C$4:C$23) -> Chelsea | C22: =_xlfn.XLOOKUP($A22,'2016-2017'!$B$4:$B$23,'2016-2017'!D$4:D$23) -> 85 | D22: =_xlfn.XLOOKUP($A22,'2016-2017'!$B$4:$B$23,'2016-2017'!E$4:E$23) -> 33 | E22: =_xlfn.XLOOKUP($A22,'2016-2017'!$B$4:$B$23,'2016-2017'!F$4:F$23) -> 52 | F22: =_xlfn.XLOOKUP($A22,'2016-2017'!$B$4:$B$23,'2016-2017'!G$4:G$23) -> 16 | G22: =_xlfn.XLOOKUP($A22,'2016-2017'!$B$4:$B$23,'2016-2017'!H$4:H$23) -> 72 | H22: =_xlfn.XLOOKUP($A22,'2016-2017'!$B$4:$B$23,'2016-2017'!I$4:I$23) -> 0 | I22: =_xlfn.XLOOKUP($A22,'2016-2017'!$B$4:$B$23,'2016-2017'!J$4:J$23) -> NA | ... AS22: =_xlfn.XLOOKUP($A22,'2016-2017'!$B$4:$B$23,'2016-2017'!AT$4:AT$23) -> 16/17
A23: 2 | B23: =_xlfn.XLOOKUP($A23,'2016-2017'!$B$4:$B$23,'2016-2017'!C$4:C$23) -> Tottenham Hotspur | C23: =_xlfn.XLOOKUP($A23,'2016-2017'!$B$4:$B$23,'2016-2017'!D$4:D$23) -> 86 | D23: =_xlfn.XLOOKUP($A23,'2016-2017'!$B$4:$B$23,'2016-2017'!E$4:E$23) -> 26 | E23: =_xlfn.XLOOKUP($A23,'2016-2017'!$B$4:$B$23,'2016-2017'!F$4:F$23) -> 60 | F23: =_xlfn.XLOOKUP($A23,'2016-2017'!$B$4:$B$23,'2016-2017'!G$4:G$23) -> 17 | G23: =_xlfn.XLOOKUP($A23,'2016-2017'!$B$4:$B$23,'2016-2017'!H$4:H$23) -> 62 | H23: =_xlfn.XLOOKUP($A23,'2016-2017'!$B$4:$B$23,'2016-2017'!I$4:I$23) -> 0 | I23: =_xlfn.XLOOKUP($A23,'2016-2017'!$B$4:$B$23,'2016-2017'!J$4:J$23) -> NA | ... AS23: =_xlfn.XLOOKUP($A23,'2016-2017'!$B$4:$B$23,'2016-2017'!AT$4:AT$23) -> 16/17
A24: 3 | B24: =_xlfn.XLOOKUP($A24,'2016-2017'!$B$4:$B$23,'2016-2017'!C$4:C$23) -> Manchester City | C24: =_xlfn.XLOOKUP($A24,'2016-2017'!$B$4:$B$23,'2016-2017'!D$4:D$23) -> 80 | D24: =_xlfn.XLOOKUP($A24,'2016-2017'!$B$4:$B$23,'2016-2017'!E$4:E$23) -> 39 | E24: =_xlfn.XLOOKUP($A24,'2016-2017'!$B$4:$B$23,'2016-2017'!F$4:F$23) -> 41 | F24: =_xlfn.XLOOKUP($A24,'2016-2017'!$B$4:$B$23,'2016-2017'!G$4:G$23) -> 12 | G24: =_xlfn.XLOOKUP($A24,'2016-2017'!$B$4:$B$23,'2016-2017'!H$4:H$23) -> 71 | H24: =_xlfn.XLOOKUP($A24,'2016-2017'!$B$4:$B$23,'2016-2017'!I$4:I$23) -> 4 | I24: =_xlfn.XLOOKUP($A24,'2016-2017'!$B$4:$B$23,'2016-2017'!J$4:J$23) -> NA | ... AS24: =_xlfn.XLOOKUP($A24,'2016-2017'!$B$4:$B$23,'2016-2017'!AT$4:AT$23) -> 16/17
A25: 4 | B25: =_xlfn.XLOOKUP($A25,'2016-2017'!$B$4:$B$23,'2016-2017'!C$4:C$23) -> Liverpool | C25: =_xlfn.XLOOKUP($A25,'2016-2017'!$B$4:$B$23,'2016-2017'!D$4:D$23) -> 78 | D25: =_xlfn.XLOOKUP($A25,'2016-2017'!$B$4:$B$23,'2016-2017'!E$4:E$23) -> 42 | E25: =_xlfn.XLOOKUP($A25,'2016-2017'!$B$4:$B$23,'2016-2017'!F$4:F$23) -> 36 | F25: =_xlfn.XLOOKUP($A25,'2016-2017'!$B$4:$B$23,'2016-2017'!G$4:G$23) -> 12 | G25: =_xlfn.XLOOKUP($A25,'2016-2017'!$B$4:$B$23,'2016-2017'!H$4:H$23) -> 54 | H25: =_xlfn.XLOOKUP($A25,'2016-2017'!$B$4:$B$23,'2016-2017'!I$4:I$23) -> 0 | I25: =_xlfn.XLOOKUP($A25,'2016-2017'!$B$4:$B$23,'2016-2017'!J$4:J$23) -> NA | ... AS25: =_xlfn.XLOOKUP($A25,'2016-2017'!$B$4:$B$23,'2016-2017'!AT$4:AT$23) -> 16/17
A26: 5 | B26: =_xlfn.XLOOKUP($A26,'2016-2017'!$B$4:$B$23,'2016-2017'!C$4:C$23) -> Arsenal | C26: =_xlfn.XLOOKUP($A26,'2016-2017'!$B$4:$B$23,'2016-2017'!D$4:D$23) -> 77 | D26: =_xlfn.XLOOKUP($A26,'2016-2017'!$B$4:$B$23,'2016-2017'!E$4:E$23) -> 44 | E26: =_xlfn.XLOOKUP($A26,'2016-2017'!$B$4:$B$23,'2016-2017'!F$4:F$23) -> 33 | F26: =_xlfn.XLOOKUP($A26,'2016-2017'!$B$4:$B$23,'2016-2017'!G$4:G$23) -> 13 | G26: =_xlfn.XLOOKUP($A26,'2016-2017'!$B$4:$B$23,'2016-2017'!H$4:H$23) -> 68 | H26: =_xlfn.XLOOKUP($A26,'2016-2017'!$B$4:$B$23,'2016-2017'!I$4:I$23) -> 3 | I26: =_xlfn.XLOOKUP($A26,'2016-2017'!$B$4:$B$23,'2016-2017'!J$4:J$23) -> NA | ... AS26: =_xlfn.XLOOKUP($A26,'2016-2017'!$B$4:$B$23,'2016-2017'!AT$4:AT$23) -> 16/17
A27: 6 | B27: =_xlfn.XLOOKUP($A27,'2016-2017'!$B$4:$B$23,'2016-2017'!C$4:C$23) -> Manchester United | C27: =_xlfn.XLOOKUP($A27,'2016-2017'!$B$4:$B$23,'2016-2017'!D$4:D$23) -> 54 | D27: =_xlfn.XLOOKUP($A27,'2016-2017'!$B$4:$B$23,'2016-2017'!E$4:E$23) -> 29 | E27: =_xlfn.XLOOKUP($A27,'2016-2017'!$B$4:$B$23,'2016-2017'!F$4:F$23) -> 25 | F27: =_xlfn.XLOOKUP($A27,'2016-2017'!$B$4:$B$23,'2016-2017'!G$4:G$23) -> 17 | G27: =_xlfn.XLOOKUP($A27,'2016-2017'!$B$4:$B$23,'2016-2017'!H$4:H$23) -> 78 | H27: =_xlfn.XLOOKUP($A27,'2016-2017'!$B$4:$B$23,'2016-2017'!I$4:I$23) -> 2 | I27: =_xlfn.XLOOKUP($A27,'2016-2017'!$B$4:$B$23,'2016-2017'!J$4:J$23) -> NA | ... AS27: =_xlfn.XLOOKUP($A27,'2016-2017'!$B$4:$B$23,'2016-2017'!AT$4:AT$23) -> 16/17
A28: 7 | B28: =_xlfn.XLOOKUP($A28,'2016-2017'!$B$4:$B$23,'2016-2017'!C$4:C$23) -> Everton | C28: =_xlfn.XLOOKUP($A28,'2016-2017'!$B$4:$B$23,'2016-2017'!D$4:D$23) -> 62 | D28: =_xlfn.XLOOKUP($A28,'2016-2017'!$B$4:$B$23,'2016-2017'!E$4:E$23) -> 44 | E28: =_xlfn.XLOOKUP($A28,'2016-2017'!$B$4:$B$23,'2016-2017'!F$4:F$23) -> 18 | F28: =_xlfn.XLOOKUP($A28,'2016-2017'!$B$4:$B$23,'2016-2017'!G$4:G$23) -> 13 | G28: =_xlfn.XLOOKUP($A28,'2016-2017'!$B$4:$B$23,'2016-2017'!H$4:H$23) -> 72 | H28: =_xlfn.XLOOKUP($A28,'2016-2017'!$B$4:$B$23,'2016-2017'!I$4:I$23) -> 2 | I28: =_xlfn.XLOOKUP($A28,'2016-2017'!$B$4:$B$23,'2016-2017'!J$4:J$23) -> NA | ... AS28: =_xlfn.XLOOKUP($A28,'2016-2017'!$B$4:$B$23,'2016-2017'!AT$4:AT$23) -> 16/17
A29: 8 | B29: =_xlfn.XLOOKUP($A29,'2016-2017'!$B$4:$B$23,'2016-2017'!C$4:C$23) -> Southampton | C29: =_xlfn.XLOOKUP($A29,'2016-2017'!$B$4:$B$23,'2016-2017'!D$4:D$23) -> 41 | D29: =_xlfn.XLOOKUP($A29,'2016-2017'!$B$4:$B$23,'2016-2017'!E$4:E$23) -> 48 | E29: =_xlfn.XLOOKUP($A29,'2016-2017'!$B$4:$B$23,'2016-2017'!F$4:F$23) -> -7 | F29: =_xlfn.XLOOKUP($A29,'2016-2017'!$B$4:$B$23,'2016-2017'!G$4:G$23) -> 14 | G29: =_xlfn.XLOOKUP($A29,'2016-2017'!$B$4:$B$23,'2016-2017'!H$4:H$23) -> 59 | H29: =_xlfn.XLOOKUP($A29,'2016-2017'!$B$4:$B$23,'2016-2017'!I$4:I$23) -> 2 | I29: =_xlfn.XLOOKUP($A29,'2016-2017'!$B$4:$B$23,'2016-2017'!J$4:J$23) -> NA | ... AS29: =_xlfn.XLOOKUP($A29,'2016-2017'!$B$4:$B$23,'2016-2017'!AT$4:AT$23) -> 16/17
A30: 9 | B30: =_xlfn.XLOOKUP($A30,'2016-2017'!$B$4:$B$23,'2016-2017'!C$4:C$23) -> AFC Bournemouth | C30: =_xlfn.XLOOKUP($A30,'2016-2017'!$B$4:$B$23,'2016-2017'!D$4:D$23) -> 55 | D30: =_xlfn.XLOOKUP($A30,'2016-2017'!$B$4:$B$23,'2016-2017'!E$4:E$23) -> 67 | E30: =_xlfn.XLOOKUP($A30,'2016-2017'!$B$4:$B$23,'2016-2017'!F$4:F$23) -> -12 | F30: =_xlfn.XLOOKUP($A30,'2016-2017'!$B$4:$B$23,'2016-2017'!G$4:G$23) -> 10 | G30: =_xlfn.XLOOKUP($A30,'2016-2017'!$B$4:$B$23,'2016-2017'!H$4:H$23) -> 52 | H30: =_xlfn.XLOOKUP($A30,'2016-2017'!$B$4:$B$23,'2016-2017'!I$4:I$23) -> 3 | I30: =_xlfn.XLOOKUP($A30,'2016-2017'!$B$4:$B$23,'2016-2017'!J$4:J$23) -> NA | ... AS30: =_xlfn.XLOOKUP($A30,'2016-2017'!$B$4:$B$23,'2016-2017'!AT$4:AT$23) -> 16/17
A31: 10 | B31: =_xlfn.XLOOKUP($A31,'2016-2017'!$B$4:$B$23,'2016-2017'!C$4:C$23) -> West Bromwich Albion | C31: =_xlfn.XLOOKUP($A31,'2016-2017'!$B$4:$B$23,'2016-2017'!D$4:D$23) -> 43 | D31: =_xlfn.XLOOKUP($A31,'2016-2017'!$B$4:$B$23,'2016-2017'!E$4:E$23) -> 51 | E31: =_xlfn.XLOOKUP($A31,'2016-2017'!$B$4:$B$23,'2016-2017'!F$4:F$23) -> -8 | F31: =_xlfn.XLOOKUP($A31,'2016-2017'!$B$4:$B$23,'2016-2017'!G$4:G$23) -> 6 | G31: =_xlfn.XLOOKUP($A31,'2016-2017'!$B$4:$B$23,'2016-2017'!H$4:H$23) -> 80 | H31: =_xlfn.XLOOKUP($A31,'2016-2017'!$B$4:$B$23,'2016-2017'!I$4:I$23) -> 0 | I31: =_xlfn.XLOOKUP($A31,'2016-2017'!$B$4:$B$23,'2016-2017'!J$4:J$23) -> NA | ... AS31: =_xlfn.XLOOKUP($A31,'2016-2017'!$B$4:$B$23,'2016-2017'!AT$4:AT$23) -> 16/17
A32: 11 | B32: =_xlfn.XLOOKUP($A32,'2016-2017'!$B$4:$B$23,'2016-2017'!C$4:C$23) -> West Ham United | C32: =_xlfn.XLOOKUP($A32,'2016-2017'!$B$4:$B$23,'2016-2017'!D$4:D$23) -> 47 | D32: =_xlfn.XLOOKUP($A32,'2016-2017'!$B$4:$B$23,'2016-2017'!E$4:E$23) -> 64 | E32: =_xlfn.XLOOKUP($A32,'2016-2017'!$B$4:$B$23,'2016-2017'!F$4:F$23) -> -17 | F32: =_xlfn.XLOOKUP($A32,'2016-2017'!$B$4:$B$23,'2016-2017'!G$4:G$23) -> 10 | G32: =_xlfn.XLOOKUP($A32,'2016-2017'!$B$4:$B$23,'2016-2017'!H$4:H$23) -> 78 | H32: =_xlfn.XLOOKUP($A32,'2016-2017'!$B$4:$B$23,'2016-2017'!I$4:I$23) -> 5 | I32: =_xlfn.XLOOKUP($A32,'2016-2017'!$B$4:$B$23,'2016-2017'!J$4:J$23) -> NA | ... AS32: =_xlfn.XLOOKUP($A32,'2016-2017'!$B$4:$B$23,'2016-2017'!AT$4:AT$23) -> 16/17
A33: 12 | B33: =_xlfn.XLOOKUP($A33,'2016-2017'!$B$4:$B$23,'2016-2017'!C$4:C$23) -> Leicester City | C33: =_xlfn.XLOOKUP($A33,'2016-2017'!$B$4:$B$23,'2016-2017'!D$4:D$23) -> 48 | D33: =_xlfn.XLOOKUP($A33,'2016-2017'!$B$4:$B$23,'2016-2017'!E$4:E$23) -> 63 | E33: =_xlfn.XLOOKUP($A33,'2016-2017'!$B$4:$B$23,'2016-2017'!F$4:F$23) -> -15 | F33: =_xlfn.XLOOKUP($A33,'2016-2017'!$B$4:$B$23,'2016-2017'!G$4:G$23) -> 9 | G33: =_xlfn.XLOOKUP($A33,'2016-2017'!$B$4:$B$23,'2016-2017'!H$4:H$23) -> 72 | H33: =_xlfn.XLOOKUP($A33,'2016-2017'!$B$4:$B$23,'2016-2017'!I$4:I$23) -> 1 | I33: =_xlfn.XLOOKUP($A33,'2016-2017'!$B$4:$B$23,'2016-2017'!J$4:J$23) -> NA | ... AS33: =_xlfn.XLOOKUP($A33,'2016-2017'!$B$4:$B$23,'2016-2017'!AT$4:AT$23) -> 16/17
... A41: 20 | B41: =_xlfn.XLOOKUP($A41,'2016-2017'!$B$4:$B$23,'2016-2017'!C$4:C$23) -> Sunderland | C41: =_xlfn.XLOOKUP($A41,'2016-2017'!$B$4:$B$23,'2016-2017'!D$4:D$23) -> 29 | D41: =_xlfn.XLOOKUP($A41,'2016-2017'!$B$4:$B$23,'2016-2017'!E$4:E$23) -> 69 | E41: =_xlfn.XLOOKUP($A41,'2016-2017'!$B$4:$B$23,'2016-2017'!F$4:F$23) -> -40 | F41: =_xlfn.XLOOKUP($A41,'2016-2017'!$B$4:$B$23,'2016-2017'!G$4:G$23) -> 6 | G41: =_xlfn.XLOOKUP($A41,'2016-2017'!$B$4:$B$23,'2016-2017'!H$4:H$23) -> 78 | H41: =_xlfn.XLOOKUP($A41,'2016-2017'!$B$4:$B$23,'2016-2017'!I$4:I$23) -> 4 | I41: =_xlfn.XLOOKUP($A41,'2016-2017'!$B$4:$B$23,'2016-2017'!J$4:J$23) -> NA | ... AS41: =_xlfn.XLOOKUP($A41,'2016-2017'!$B$4:$B$23,'2016-2017'!AT$4:AT$23) -> 16/17
A42: 1 | B42: =_xlfn.XLOOKUP($A42,'2017-2018'!$B$4:$B$23,'2017-2018'!C$4:C$23) -> Manchester City | C42: =_xlfn.XLOOKUP($A42,'2017-2018'!$B$4:$B$23,'2017-2018'!D$4:D$23) -> 106 | D42: =_xlfn.XLOOKUP($A42,'2017-2018'!$B$4:$B$23,'2017-2018'!E$4:E$23) -> 27 | E42: =_xlfn.XLOOKUP($A42,'2017-2018'!$B$4:$B$23,'2017-2018'!F$4:F$23) -> 79 | F42: =_xlfn.XLOOKUP($A42,'2017-2018'!$B$4:$B$23,'2017-2018'!G$4:G$23) -> 18 | G42: =_xlfn.XLOOKUP($A42,'2017-2018'!$B$4:$B$23,'2017-2018'!H$4:H$23) -> 59 | H42: =_xlfn.XLOOKUP($A42,'2017-2018'!$B$4:$B$23,'2017-2018'!I$4:I$23) -> 2 | I42: =_xlfn.XLOOKUP($A42,'2017-2018'!$B$4:$B$23,'2017-2018'!J$4:J$23) -> 78.6 | ... AS42: =_xlfn.XLOOKUP($A42,'2017-2018'!$B$4:$B$23,'2017-2018'!AT$4:AT$23) -> 17/18
A43: 2 | B43: =_xlfn.XLOOKUP($A43,'2017-2018'!$B$4:$B$23,'2017-2018'!C$4:C$23) -> Manchester United | C43: =_xlfn.XLOOKUP($A43,'2017-2018'!$B$4:$B$23,'2017-2018'!D$4:D$23) -> 68 | D43: =_xlfn.XLOOKUP($A43,'2017-2018'!$B$4:$B$23,'2017-2018'!E$4:E$23) -> 28 | E43: =_xlfn.XLOOKUP($A43,'2017-2018'!$B$4:$B$23,'2017-2018'!F$4:F$23) -> 40 | F43: =_xlfn.XLOOKUP($A43,'2017-2018'!$B$4:$B$23,'2017-2018'!G$4:G$23) -> 19 | G43: =_xlfn.XLOOKUP($A43,'2017-2018'!$B$4:$B$23,'2017-2018'!H$4:H$23) -> 64 | H43: =_xlfn.XLOOKUP($A43,'2017-2018'!$B$4:$B$23,'2017-2018'!I$4:I$23) -> 1 | I43: =_xlfn.XLOOKUP($A43,'2017-2018'!$B$4:$B$23,'2017-2018'!J$4:J$23) -> 55.7 | ... AS43: =_xlfn.XLOOKUP($A43,'2017-2018'!$B$4:$B$23,'2017-2018'!AT$4:AT$23) -> 17/18
A44: 3 | B44: =_xlfn.XLOOKUP($A44,'2017-2018'!$B$4:$B$23,'2017-2018'!C$4:C$23) -> Tottenham Hotspur | C44: =_xlfn.XLOOKUP($A44,'2017-2018'!$B$4:$B$23,'2017-2018'!D$4:D$23) -> 74 | D44: =_xlfn.XLOOKUP($A44,'2017-2018'!$B$4:$B$23,'2017-2018'!E$4:E$23) -> 36 | E44: =_xlfn.XLOOKUP($A44,'2017-2018'!$B$4:$B$23,'2017-2018'!F$4:F$23) -> 38 | F44: =_xlfn.XLOOKUP($A44,'2017-2018'!$B$4:$B$23,'2017-2018'!G$4:G$23) -> 16 | G44: =_xlfn.XLOOKUP($A44,'2017-2018'!$B$4:$B$23,'2017-2018'!H$4:H$23) -> 50 | H44: =_xlfn.XLOOKUP($A44,'2017-2018'!$B$4:$B$23,'2017-2018'!I$4:I$23) -> 2 | I44: =_xlfn.XLOOKUP($A44,'2017-2018'!$B$4:$B$23,'2017-2018'!J$4:J$23) -> 64.7 | ... AS44: =_xlfn.XLOOKUP($A44,'2017-2018'!$B$4:$B$23,'2017-2018'!AT$4:AT$23) -> 17/18
A45: 4 | B45: =_xlfn.XLOOKUP($A45,'2017-2018'!$B$4:$B$23,'2017-2018'!C$4:C$23) -> Liverpool | C45: =_xlfn.XLOOKUP($A45,'2017-2018'!$B$4:$B$23,'2017-2018'!D$4:D$23) -> 84 | D45: =_xlfn.XLOOKUP($A45,'2017-2018'!$B$4:$B$23,'2017-2018'!E$4:E$23) -> 38 | E45: =_xlfn.XLOOKUP($A45,'2017-2018'!$B$4:$B$23,'2017-2018'!F$4:F$23) -> 46 | F45: =_xlfn.XLOOKUP($A45,'2017-2018'!$B$4:$B$23,'2017-2018'!G$4:G$23) -> 17 | G45: =_xlfn.XLOOKUP($A45,'2017-2018'!$B$4:$B$23,'2017-2018'!H$4:H$23) -> 44 | H45: =_xlfn.XLOOKUP($A45,'2017-2018'!$B$4:$B$23,'2017-2018'!I$4:I$23) -> 1 | I45: =_xlfn.XLOOKUP($A45,'2017-2018'!$B$4:$B$23,'2017-2018'!J$4:J$23) -> 72.9 | ... AS45: =_xlfn.XLOOKUP($A45,'2017-2018'!$B$4:$B$23,'2017-2018'!AT$4:AT$23) -> 17/18
A46: 5 | B46: =_xlfn.XLOOKUP($A46,'2017-2018'!$B$4:$B$23,'2017-2018'!C$4:C$23) -> Chelsea | C46: =_xlfn.XLOOKUP($A46,'2017-2018'!$B$4:$B$23,'2017-2018'!D$4:D$23) -> 62 | D46: =_xlfn.XLOOKUP($A46,'2017-2018'!$B$4:$B$23,'2017-2018'!E$4:E$23) -> 38 | E46: =_xlfn.XLOOKUP($A46,'2017-2018'!$B$4:$B$23,'2017-2018'!F$4:F$23) -> 24 | F46: =_xlfn.XLOOKUP($A46,'2017-2018'!$B$4:$B$23,'2017-2018'!G$4:G$23) -> 16 | G46: =_xlfn.XLOOKUP($A46,'2017-2018'!$B$4:$B$23,'2017-2018'!H$4:H$23) -> 42 | H46: =_xlfn.XLOOKUP($A46,'2017-2018'!$B$4:$B$23,'2017-2018'!I$4:I$23) -> 4 | I46: =_xlfn.XLOOKUP($A46,'2017-2018'!$B$4:$B$23,'2017-2018'!J$4:J$23) -> 54.4 | ... AS46: =_xlfn.XLOOKUP($A46,'2017-2018'!$B$4:$B$23,'2017-2018'!AT$4:AT$23) -> 17/18
A47: 6 | B47: =_xlfn.XLOOKUP($A47,'2017-2018'!$B$4:$B$23,'2017-2018'!C$4:C$23) -> Arsenal | C47: =_xlfn.XLOOKUP($A47,'2017-2018'!$B$4:$B$23,'2017-2018'!D$4:D$23) -> 74 | D47: =_xlfn.XLOOKUP($A47,'2017-2018'!$B$4:$B$23,'2017-2018'!E$4:E$23) -> 51 | E47: =_xlfn.XLOOKUP($A47,'2017-2018'!$B$4:$B$23,'2017-2018'!F$4:F$23) -> 23 | F47: =_xlfn.XLOOKUP($A47,'2017-2018'!$B$4:$B$23,'2017-2018'!G$4:G$23) -> 13 | G47: =_xlfn.XLOOKUP($A47,'2017-2018'!$B$4:$B$23,'2017-2018'!H$4:H$23) -> 57 | H47: =_xlfn.XLOOKUP($A47,'2017-2018'!$B$4:$B$23,'2017-2018'!I$4:I$23) -> 2 | I47: =_xlfn.XLOOKUP($A47,'2017-2018'!$B$4:$B$23,'2017-2018'!J$4:J$23) -> 68.3 | ... AS47: =_xlfn.XLOOKUP($A47,'2017-2018'!$B$4:$B$23,'2017-2018'!AT$4:AT$23) -> 17/18
A48: 7 | B48: =_xlfn.XLOOKUP($A48,'2017-2018'!$B$4:$B$23,'2017-2018'!C$4:C$23) -> Burnley | C48: =_xlfn.XLOOKUP($A48,'2017-2018'!$B$4:$B$23,'2017-2018'!D$4:D$23) -> 36 | D48: =_xlfn.XLOOKUP($A48,'2017-2018'!$B$4:$B$23,'2017-2018'!E$4:E$23) -> 39 | E48: =_xlfn.XLOOKUP($A48,'2017-2018'!$B$4:$B$23,'2017-2018'!F$4:F$23) -> -3 | F48: =_xlfn.XLOOKUP($A48,'2017-2018'!$B$4:$B$23,'2017-2018'!G$4:G$23) -> 12 | G48: =_xlfn.XLOOKUP($A48,'2017-2018'!$B$4:$B$23,'2017-2018'!H$4:H$23) -> 65 | H48: =_xlfn.XLOOKUP($A48,'2017-2018'!$B$4:$B$23,'2017-2018'!I$4:I$23) -> 0 | I48: =_xlfn.XLOOKUP($A48,'2017-2018'!$B$4:$B$23,'2017-2018'!J$4:J$23) -> 32.3 | ... AS48: =_xlfn.XLOOKUP($A48,'2017-2018'!$B$4:$B$23,'2017-2018'!AT$4:AT$23) -> 17/18
A49: 8 | B49: =_xlfn.XLOOKUP($A49,'2017-2018'!$B$4:$B$23,'2017-2018'!C$4:C$23) -> Everton | C49: =_xlfn.XLOOKUP($A49,'2017-2018'!$B$4:$B$23,'2017-2018'!D$4:D$23) -> 44 | D49: =_xlfn.XLOOKUP($A49,'2017-2018'!$B$4:$B$23,'2017-2018'!E$4:E$23) -> 58 | E49: =_xlfn.XLOOKUP($A49,'2017-2018'!$B$4:$B$23,'2017-2018'!F$4:F$23) -> -14 | F49: =_xlfn.XLOOKUP($A49,'2017-2018'!$B$4:$B$23,'2017-2018'!G$4:G$23) -> 10 | G49: =_xlfn.XLOOKUP($A49,'2017-2018'!$B$4:$B$23,'2017-2018'!H$4:H$23) -> 51 | H49: =_xlfn.XLOOKUP($A49,'2017-2018'!$B$4:$B$23,'2017-2018'!I$4:I$23) -> 3 | I49: =_xlfn.XLOOKUP($A49,'2017-2018'!$B$4:$B$23,'2017-2018'!J$4:J$23) -> 40.5 | ... AS49: =_xlfn.XLOOKUP($A49,'2017-2018'!$B$4:$B$23,'2017-2018'!AT$4:AT$23) -> 17/18
A50: 9 | B50: =_xlfn.XLOOKUP($A50,'2017-2018'!$B$4:$B$23,'2017-2018'!C$4:C$23) -> Leicester City | C50: =_xlfn.XLOOKUP($A50,'2017-2018'!$B$4:$B$23,'2017-2018'!D$4:D$23) -> 56 | D50: =_xlfn.XLOOKUP($A50,'2017-2018'!$B$4:$B$23,'2017-2018'!E$4:E$23) -> 60 | E50: =_xlfn.XLOOKUP($A50,'2017-2018'!$B$4:$B$23,'2017-2018'!F$4:F$23) -> -4 | F50: =_xlfn.XLOOKUP($A50,'2017-2018'!$B$4:$B$23,'2017-2018'!G$4:G$23) -> 9 | G50: =_xlfn.XLOOKUP($A50,'2017-2018'!$B$4:$B$23,'2017-2018'!H$4:H$23) -> 52 | H50: =_xlfn.XLOOKUP($A50,'2017-2018'!$B$4:$B$23,'2017-2018'!I$4:I$23) -> 5 | I50: =_xlfn.XLOOKUP($A50,'2017-2018'!$B$4:$B$23,'2017-2018'!J$4:J$23) -> 50 | ... AS50: =_xlfn.XLOOKUP($A50,'2017-2018'!$B$4:$B$23,'2017-2018'!AT$4:AT$23) -> 17/18
A51: 10 | B51: =_xlfn.XLOOKUP($A51,'2017-2018'!$B$4:$B$23,'2017-2018'!C$4:C$23) -> Newcastle United | C51: =_xlfn.XLOOKUP($A51,'2017-2018'!$B$4:$B$23,'2017-2018'!D$4:D$23) -> 39 | D51: =_xlfn.XLOOKUP($A51,'2017-2018'!$B$4:$B$23,'2017-2018'!E$4:E$23) -> 47 | E51: =_xlfn.XLOOKUP($A51,'2017-2018'!$B$4:$B$23,'2017-2018'!F$4:F$23) -> -8 | F51: =_xlfn.XLOOKUP($A51,'2017-2018'!$B$4:$B$23,'2017-2018'!G$4:G$23) -> 9 | G51: =_xlfn.XLOOKUP($A51,'2017-2018'!$B$4:$B$23,'2017-2018'!H$4:H$23) -> 52 | H51: =_xlfn.XLOOKUP($A51,'2017-2018'!$B$4:$B$23,'2017-2018'!I$4:I$23) -> 2 | I51: =_xlfn.XLOOKUP($A51,'2017-2018'!$B$4:$B$23,'2017-2018'!J$4:J$23) -> 41.6 | ... AS51: =_xlfn.XLOOKUP($A51,'2017-2018'!$B$4:$B$23,'2017-2018'!AT$4:AT$23) -> 17/18
A52: 11 | B52: =_xlfn.XLOOKUP($A52,'2017-2018'!$B$4:$B$23,'2017-2018'!C$4:C$23) -> Crystal Palace | C52: =_xlfn.XLOOKUP($A52,'2017-2018'!$B$4:$B$23,'2017-2018'!D$4:D$23) -> 45 | D52: =_xlfn.XLOOKUP($A52,'2017-2018'!$B$4:$B$23,'2017-2018'!E$4:E$23) -> 55 | E52: =_xlfn.XLOOKUP($A52,'2017-2018'!$B$4:$B$23,'2017-2018'!F$4:F$23) -> -10 | F52: =_xlfn.XLOOKUP($A52,'2017-2018'!$B$4:$B$23,'2017-2018'!G$4:G$23) -> 9 | G52: =_xlfn.XLOOKUP($A52,'2017-2018'!$B$4:$B$23,'2017-2018'!H$4:H$23) -> 72 | H52: =_xlfn.XLOOKUP($A52,'2017-2018'!$B$4:$B$23,'2017-2018'!I$4:I$23) -> 0 | I52: =_xlfn.XLOOKUP($A52,'2017-2018'!$B$4:$B$23,'2017-2018'!J$4:J$23) -> 53.5 | ... AS52: =_xlfn.XLOOKUP($A52,'2017-2018'!$B$4:$B$23,'2017-2018'!AT$4:AT$23) -> 17/18
A53: 12 | B53: =_xlfn.XLOOKUP($A53,'2017-2018'!$B$4:$B$23,'2017-2018'!C$4:C$23) -> Bournemouth | C53: =_xlfn.XLOOKUP($A53,'2017-2018'!$B$4:$B$23,'2017-2018'!D$4:D$23) -> 45 | D53: =_xlfn.XLOOKUP($A53,'2017-2018'!$B$4:$B$23,'2017-2018'!E$4:E$23) -> 61 | E53: =_xlfn.XLOOKUP($A53,'2017-2018'!$B$4:$B$23,'2017-2018'!F$4:F$23) -> -16 | F53: =_xlfn.XLOOKUP($A53,'2017-2018'!$B$4:$B$23,'2017-2018'!G$4:G$23) -> 6 | G53: =_xlfn.XLOOKUP($A53,'2017-2018'!$B$4:$B$23,'2017-2018'!H$4:H$23) -> 55 | H53: =_xlfn.XLOOKUP($A53,'2017-2018'!$B$4:$B$23,'2017-2018'!I$4:I$23) -> 1 | I53: =_xlfn.XLOOKUP($A53,'2017-2018'!$B$4:$B$23,'2017-2018'!J$4:J$23) -> 38.8 | ... AS53: =_xlfn.XLOOKUP($A53,'2017-2018'!$B$4:$B$23,'2017-2018'!AT$4:AT$23) -> 17/18
... A61: 20 | B61: =_xlfn.XLOOKUP($A61,'2017-2018'!$B$4:$B$23,'2017-2018'!C$4:C$23) -> West Bromwich Albion | C61: =_xlfn.XLOOKUP($A61,'2017-2018'!$B$4:$B$23,'2017-2018'!D$4:D$23) -> 31 | D61: =_xlfn.XLOOKUP($A61,'2017-2018'!$B$4:$B$23,'2017-2018'!E$4:E$23) -> 56 | E61: =_xlfn.XLOOKUP($A61,'2017-2018'!$B$4:$B$23,'2017-2018'!F$4:F$23) -> -25 | F61: =_xlfn.XLOOKUP($A61,'2017-2018'!$B$4:$B$23,'2017-2018'!G$4:G$23) -> 10 | G61: =_xlfn.XLOOKUP($A61,'2017-2018'!$B$4:$B$23,'2017-2018'!H$4:H$23) -> 73 | H61: =_xlfn.XLOOKUP($A61,'2017-2018'!$B$4:$B$23,'2017-2018'!I$4:I$23) -> 1 | I61: =_xlfn.XLOOKUP($A61,'2017-2018'!$B$4:$B$23,'2017-2018'!J$4:J$23) -> 36.5 | ... AS61: =_xlfn.XLOOKUP($A61,'2017-2018'!$B$4:$B$23,'2017-2018'!AT$4:AT$23) -> 17/18
A62: 1 | B62: =_xlfn.XLOOKUP($A62,'2018-2019'!$B$4:$B$23,'2018-2019'!C$4:C$23) -> Manchester City | C62: =_xlfn.XLOOKUP($A62,'2018-2019'!$B$4:$B$23,'2018-2019'!D$4:D$23) -> 95 | D62: =_xlfn.XLOOKUP($A62,'2018-2019'!$B$4:$B$23,'2018-2019'!E$4:E$23) -> 23 | E62: =_xlfn.XLOOKUP($A62,'2018-2019'!$B$4:$B$23,'2018-2019'!F$4:F$23) -> 72 | F62: =_xlfn.XLOOKUP($A62,'2018-2019'!$B$4:$B$23,'2018-2019'!G$4:G$23) -> 20 | G62: =_xlfn.XLOOKUP($A62,'2018-2019'!$B$4:$B$23,'2018-2019'!H$4:H$23) -> 44 | H62: =_xlfn.XLOOKUP($A62,'2018-2019'!$B$4:$B$23,'2018-2019'!I$4:I$23) -> 1 | I62: =_xlfn.XLOOKUP($A62,'2018-2019'!$B$4:$B$23,'2018-2019'!J$4:J$23) -> 84.3 | ... AS62: =_xlfn.XLOOKUP($A62,'2018-2019'!$B$4:$B$23,'2018-2019'!AT$4:AT$23) -> 18/19
A63: 2 | B63: =_xlfn.XLOOKUP($A63,'2018-2019'!$B$4:$B$23,'2018-2019'!C$4:C$23) -> Liverpool | C63: =_xlfn.XLOOKUP($A63,'2018-2019'!$B$4:$B$23,'2018-2019'!D$4:D$23) -> 89 | D63: =_xlfn.XLOOKUP($A63,'2018-2019'!$B$4:$B$23,'2018-2019'!E$4:E$23) -> 22 | E63: =_xlfn.XLOOKUP($A63,'2018-2019'!$B$4:$B$23,'2018-2019'!F$4:F$23) -> 67 | F63: =_xlfn.XLOOKUP($A63,'2018-2019'!$B$4:$B$23,'2018-2019'!G$4:G$23) -> 21 | G63: =_xlfn.XLOOKUP($A63,'2018-2019'!$B$4:$B$23,'2018-2019'!H$4:H$23) -> 38 | H63: =_xlfn.XLOOKUP($A63,'2018-2019'!$B$4:$B$23,'2018-2019'!I$4:I$23) -> 2 | I63: =_xlfn.XLOOKUP($A63,'2018-2019'!$B$4:$B$23,'2018-2019'!J$4:J$23) -> 73.7 | ... AS63: =_xlfn.XLOOKUP($A63,'2018-2019'!$B$4:$B$23,'2018-2019'!AT$4:AT$23) -> 18/19
A64: 3 | B64: =_xlfn.XLOOKUP($A64,'2018-2019'!$B$4:$B$23,'2018-2019'!C$4:C$23) -> Chelsea | C64: =_xlfn.XLOOKUP($A64,'2018-2019'!$B$4:$B$23,'2018-2019'!D$4:D$23) -> 63 | D64: =_xlfn.XLOOKUP($A64,'2018-2019'!$B$4:$B$23,'2018-2019'!E$4:E$23) -> 39 | E64: =_xlfn.XLOOKUP($A64,'2018-2019'!$B$4:$B$23,'2018-2019'!F$4:F$23) -> 24 | F64: =_xlfn.XLOOKUP($A64,'2018-2019'!$B$4:$B$23,'2018-2019'!G$4:G$23) -> 16 | G64: =_xlfn.XLOOKUP($A64,'2018-2019'!$B$4:$B$23,'2018-2019'!H$4:H$23) -> 49 | H64: =_xlfn.XLOOKUP($A64,'2018-2019'!$B$4:$B$23,'2018-2019'!I$4:I$23) -> 0 | I64: =_xlfn.XLOOKUP($A64,'2018-2019'!$B$4:$B$23,'2018-2019'!J$4:J$23) -> 58.6 | ... AS64: =_xlfn.XLOOKUP($A64,'2018-2019'!$B$4:$B$23,'2018-2019'!AT$4:AT$23) -> 18/19
A65: 4 | B65: =_xlfn.XLOOKUP($A65,'2018-2019'!$B$4:$B$23,'2018-2019'!C$4:C$23) -> Tottenham Hotspur | C65: =_xlfn.XLOOKUP($A65,'2018-2019'!$B$4:$B$23,'2018-2019'!D$4:D$23) -> 67 | D65: =_xlfn.XLOOKUP($A65,'2018-2019'!$B$4:$B$23,'2018-2019'!E$4:E$23) -> 39 | E65: =_xlfn.XLOOKUP($A65,'2018-2019'!$B$4:$B$23,'2018-2019'!F$4:F$23) -> 28 | F65: =_xlfn.XLOOKUP($A65,'2018-2019'!$B$4:$B$23,'2018-2019'!G$4:G$23) -> 13 | G65: =_xlfn.XLOOKUP($A65,'2018-2019'!$B$4:$B$23,'2018-2019'!H$4:H$23) -> 56 | H65: =_xlfn.XLOOKUP($A65,'2018-2019'!$B$4:$B$23,'2018-2019'!I$4:I$23) -> 3 | I65: =_xlfn.XLOOKUP($A65,'2018-2019'!$B$4:$B$23,'2018-2019'!J$4:J$23) -> 54.9 | ... AS65: =_xlfn.XLOOKUP($A65,'2018-2019'!$B$4:$B$23,'2018-2019'!AT$4:AT$23) -> 18/19
A66: 5 | B66: =_xlfn.XLOOKUP($A66,'2018-2019'!$B$4:$B$23,'2018-2019'!C$4:C$23) -> Arsenal | C66: =_xlfn.XLOOKUP($A66,'2018-2019'!$B$4:$B$23,'2018-2019'!D$4:D$23) -> 73 | D66: =_xlfn.XLOOKUP($A66,'2018-2019'!$B$4:$B$23,'2018-2019'!E$4:E$23) -> 51 | E66: =_xlfn.XLOOKUP($A66,'2018-2019'!$B$4:$B$23,'2018-2019'!F$4:F$23) -> 22 | F66: =_xlfn.XLOOKUP($A66,'2018-2019'!$B$4:$B$23,'2018-2019'!G$4:G$23) -> 8 | G66: =_xlfn.XLOOKUP($A66,'2018-2019'!$B$4:$B$23,'2018-2019'!H$4:H$23) -> 72 | H66: =_xlfn.XLOOKUP($A66,'2018-2019'!$B$4:$B$23,'2018-2019'!I$4:I$23) -> 2 | I66: =_xlfn.XLOOKUP($A66,'2018-2019'!$B$4:$B$23,'2018-2019'!J$4:J$23) -> 60.1 | ... AS66: =_xlfn.XLOOKUP($A66,'2018-2019'!$B$4:$B$23,'2018-2019'!AT$4:AT$23) -> 18/19
A67: 6 | B67: =_xlfn.XLOOKUP($A67,'2018-2019'!$B$4:$B$23,'2018-2019'!C$4:C$23) -> Manchester United | C67: =_xlfn.XLOOKUP($A67,'2018-2019'!$B$4:$B$23,'2018-2019'!D$4:D$23) -> 65 | D67: =_xlfn.XLOOKUP($A67,'2018-2019'!$B$4:$B$23,'2018-2019'!E$4:E$23) -> 54 | E67: =_xlfn.XLOOKUP($A67,'2018-2019'!$B$4:$B$23,'2018-2019'!F$4:F$23) -> 11 | F67: =_xlfn.XLOOKUP($A67,'2018-2019'!$B$4:$B$23,'2018-2019'!G$4:G$23) -> 7 | G67: =_xlfn.XLOOKUP($A67,'2018-2019'!$B$4:$B$23,'2018-2019'!H$4:H$23) -> 73 | H67: =_xlfn.XLOOKUP($A67,'2018-2019'!$B$4:$B$23,'2018-2019'!I$4:I$23) -> 4 | I67: =_xlfn.XLOOKUP($A67,'2018-2019'!$B$4:$B$23,'2018-2019'!J$4:J$23) -> 61.4 | ... AS67: =_xlfn.XLOOKUP($A67,'2018-2019'!$B$4:$B$23,'2018-2019'!AT$4:AT$23) -> 18/19
A68: 7 | B68: =_xlfn.XLOOKUP($A68,'2018-2019'!$B$4:$B$23,'2018-2019'!C$4:C$23) -> Wolverhampton Wanderers | C68: =_xlfn.XLOOKUP($A68,'2018-2019'!$B$4:$B$23,'2018-2019'!D$4:D$23) -> 47 | D68: =_xlfn.XLOOKUP($A68,'2018-2019'!$B$4:$B$23,'2018-2019'!E$4:E$23) -> 46 | E68: =_xlfn.XLOOKUP($A68,'2018-2019'!$B$4:$B$23,'2018-2019'!F$4:F$23) -> 1 | F68: =_xlfn.XLOOKUP($A68,'2018-2019'!$B$4:$B$23,'2018-2019'!G$4:G$23) -> 9 | G68: =_xlfn.XLOOKUP($A68,'2018-2019'!$B$4:$B$23,'2018-2019'!H$4:H$23) -> 72 | H68: =_xlfn.XLOOKUP($A68,'2018-2019'!$B$4:$B$23,'2018-2019'!I$4:I$23) -> 1 | I68: =_xlfn.XLOOKUP($A68,'2018-2019'!$B$4:$B$23,'2018-2019'!J$4:J$23) -> 52.1 | ... AS68: =_xlfn.XLOOKUP($A68,'2018-2019'!$B$4:$B$23,'2018-2019'!AT$4:AT$23) -> 18/19
A69: 8 | B69: =_xlfn.XLOOKUP($A69,'2018-2019'!$B$4:$B$23,'2018-2019'!C$4:C$23) -> Everton | C69: =_xlfn.XLOOKUP($A69,'2018-2019'!$B$4:$B$23,'2018-2019'!D$4:D$23) -> 54 | D69: =_xlfn.XLOOKUP($A69,'2018-2019'!$B$4:$B$23,'2018-2019'!E$4:E$23) -> 46 | E69: =_xlfn.XLOOKUP($A69,'2018-2019'!$B$4:$B$23,'2018-2019'!F$4:F$23) -> 8 | F69: =_xlfn.XLOOKUP($A69,'2018-2019'!$B$4:$B$23,'2018-2019'!G$4:G$23) -> 14 | G69: =_xlfn.XLOOKUP($A69,'2018-2019'!$B$4:$B$23,'2018-2019'!H$4:H$23) -> 55 | H69: =_xlfn.XLOOKUP($A69,'2018-2019'!$B$4:$B$23,'2018-2019'!I$4:I$23) -> 4 | I69: =_xlfn.XLOOKUP($A69,'2018-2019'!$B$4:$B$23,'2018-2019'!J$4:J$23) -> 49.7 | ... AS69: =_xlfn.XLOOKUP($A69,'2018-2019'!$B$4:$B$23,'2018-2019'!AT$4:AT$23) -> 18/19
A70: 9 | B70: =_xlfn.XLOOKUP($A70,'2018-2019'!$B$4:$B$23,'2018-2019'!C$4:C$23) -> Leicester City | C70: =_xlfn.XLOOKUP($A70,'2018-2019'!$B$4:$B$23,'2018-2019'!D$4:D$23) -> 51 | D70: =_xlfn.XLOOKUP($A70,'2018-2019'!$B$4:$B$23,'2018-2019'!E$4:E$23) -> 48 | E70: =_xlfn.XLOOKUP($A70,'2018-2019'!$B$4:$B$23,'2018-2019'!F$4:F$23) -> 3 | F70: =_xlfn.XLOOKUP($A70,'2018-2019'!$B$4:$B$23,'2018-2019'!G$4:G$23) -> 10 | G70: =_xlfn.XLOOKUP($A70,'2018-2019'!$B$4:$B$23,'2018-2019'!H$4:H$23) -> 57 | H70: =_xlfn.XLOOKUP($A70,'2018-2019'!$B$4:$B$23,'2018-2019'!I$4:I$23) -> 5 | I70: =_xlfn.XLOOKUP($A70,'2018-2019'!$B$4:$B$23,'2018-2019'!J$4:J$23) -> 52.4 | ... AS70: =_xlfn.XLOOKUP($A70,'2018-2019'!$B$4:$B$23,'2018-2019'!AT$4:AT$23) -> 18/19
A71: 10 | B71: =_xlfn.XLOOKUP($A71,'2018-2019'!$B$4:$B$23,'2018-2019'!C$4:C$23) -> West Ham United | C71: =_xlfn.XLOOKUP($A71,'2018-2019'!$B$4:$B$23,'2018-2019'!D$4:D$23) -> 52 | D71: =_xlfn.XLOOKUP($A71,'2018-2019'!$B$4:$B$23,'2018-2019'!E$4:E$23) -> 55 | E71: =_xlfn.XLOOKUP($A71,'2018-2019'!$B$4:$B$23,'2018-2019'!F$4:F$23) -> -3 | F71: =_xlfn.XLOOKUP($A71,'2018-2019'!$B$4:$B$23,'2018-2019'!G$4:G$23) -> 7 | G71: =_xlfn.XLOOKUP($A71,'2018-2019'!$B$4:$B$23,'2018-2019'!H$4:H$23) -> 59 | H71: =_xlfn.XLOOKUP($A71,'2018-2019'!$B$4:$B$23,'2018-2019'!I$4:I$23) -> 1 | I71: =_xlfn.XLOOKUP($A71,'2018-2019'!$B$4:$B$23,'2018-2019'!J$4:J$23) -> 47.6 | ... AS71: =_xlfn.XLOOKUP($A71,'2018-2019'!$B$4:$B$23,'2018-2019'!AT$4:AT$23) -> 18/19
A72: 11 | B72: =_xlfn.XLOOKUP($A72,'2018-2019'!$B$4:$B$23,'2018-2019'!C$4:C$23) -> Watford | C72: =_xlfn.XLOOKUP($A72,'2018-2019'!$B$4:$B$23,'2018-2019'!D$4:D$23) -> 52 | D72: =_xlfn.XLOOKUP($A72,'2018-2019'!$B$4:$B$23,'2018-2019'!E$4:E$23) -> 59 | E72: =_xlfn.XLOOKUP($A72,'2018-2019'!$B$4:$B$23,'2018-2019'!F$4:F$23) -> -7 | F72: =_xlfn.XLOOKUP($A72,'2018-2019'!$B$4:$B$23,'2018-2019'!G$4:G$23) -> 7 | G72: =_xlfn.XLOOKUP($A72,'2018-2019'!$B$4:$B$23,'2018-2019'!H$4:H$23) -> 77 | H72: =_xlfn.XLOOKUP($A72,'2018-2019'!$B$4:$B$23,'2018-2019'!I$4:I$23) -> 4 | I72: =_xlfn.XLOOKUP($A72,'2018-2019'!$B$4:$B$23,'2018-2019'!J$4:J$23) -> 48.2 | ... AS72: =_xlfn.XLOOKUP($A72,'2018-2019'!$B$4:$B$23,'2018-2019'!AT$4:AT$23) -> 18/19
A73: 12 | B73: =_xlfn.XLOOKUP($A73,'2018-2019'!$B$4:$B$23,'2018-2019'!C$4:C$23) -> Crystal Palace | C73: =_xlfn.XLOOKUP($A73,'2018-2019'!$B$4:$B$23,'2018-2019'!D$4:D$23) -> 51 | D73: =_xlfn.XLOOKUP($A73,'2018-2019'!$B$4:$B$23,'2018-2019'!E$4:E$23) -> 53 | E73: =_xlfn.XLOOKUP($A73,'2018-2019'!$B$4:$B$23,'2018-2019'!F$4:F$23) -> -2 | F73: =_xlfn.XLOOKUP($A73,'2018-2019'!$B$4:$B$23,'2018-2019'!G$4:G$23) -> 12 | G73: =_xlfn.XLOOKUP($A73,'2018-2019'!$B$4:$B$23,'2018-2019'!H$4:H$23) -> 58 | H73: =_xlfn.XLOOKUP($A73,'2018-2019'!$B$4:$B$23,'2018-2019'!I$4:I$23) -> 2 | I73: =_xlfn.XLOOKUP($A73,'2018-2019'!$B$4:$B$23,'2018-2019'!J$4:J$23) -> 47.6 | ... AS73: =_xlfn.XLOOKUP($A73,'2018-2019'!$B$4:$B$23,'2018-2019'!AT$4:AT$23) -> 18/19
... A81: 20 | B81: =_xlfn.XLOOKUP($A81,'2018-2019'!$B$4:$B$23,'2018-2019'!C$4:C$23) -> Huddersfield Town | C81: =_xlfn.XLOOKUP($A81,'2018-2019'!$B$4:$B$23,'2018-2019'!D$4:D$23) -> 22 | D81: =_xlfn.XLOOKUP($A81,'2018-2019'!$B$4:$B$23,'2018-2019'!E$4:E$23) -> 76 | E81: =_xlfn.XLOOKUP($A81,'2018-2019'!$B$4:$B$23,'2018-2019'!F$4:F$23) -> -54 | F81: =_xlfn.XLOOKUP($A81,'2018-2019'!$B$4:$B$23,'2018-2019'!G$4:G$23) -> 5 | G81: =_xlfn.XLOOKUP($A81,'2018-2019'!$B$4:$B$23,'2018-2019'!H$4:H$23) -> 55 | H81: =_xlfn.XLOOKUP($A81,'2018-2019'!$B$4:$B$23,'2018-2019'!I$4:I$23) -> 4 | I81: =_xlfn.XLOOKUP($A81,'2018-2019'!$B$4:$B$23,'2018-2019'!J$4:J$23) -> 28.8 | ... AS81: =_xlfn.XLOOKUP($A81,'2018-2019'!$B$4:$B$23,'2018-2019'!AT$4:AT$23) -> 18/19
A82: 1 | B82: =_xlfn.XLOOKUP($A82,'2019-2020'!$B$4:$B$23,'2019-2020'!C$4:C$23) -> Liverpool | C82: =_xlfn.XLOOKUP($A82,'2019-2020'!$B$4:$B$23,'2019-2020'!D$4:D$23) -> 85 | D82: =_xlfn.XLOOKUP($A82,'2019-2020'!$B$4:$B$23,'2019-2020'!E$4:E$23) -> 33 | E82: =_xlfn.XLOOKUP($A82,'2019-2020'!$B$4:$B$23,'2019-2020'!F$4:F$23) -> 52 | F82: =_xlfn.XLOOKUP($A82,'2019-2020'!$B$4:$B$23,'2019-2020'!G$4:G$23) -> 15 | G82: =_xlfn.XLOOKUP($A82,'2019-2020'!$B$4:$B$23,'2019-2020'!H$4:H$23) -> 38 | H82: =_xlfn.XLOOKUP($A82,'2019-2020'!$B$4:$B$23,'2019-2020'!I$4:I$23) -> 1 | I82: =_xlfn.XLOOKUP($A82,'2019-2020'!$B$4:$B$23,'2019-2020'!J$4:J$23) -> 68.9 | ... AS82: =_xlfn.XLOOKUP($A82,'2019-2020'!$B$4:$B$23,'2019-2020'!AT$4:AT$23) -> 19/20
A83: 2 | B83: =_xlfn.XLOOKUP($A83,'2019-2020'!$B$4:$B$23,'2019-2020'!C$4:C$23) -> Manchester City | C83: =_xlfn.XLOOKUP($A83,'2019-2020'!$B$4:$B$23,'2019-2020'!D$4:D$23) -> 102 | D83: =_xlfn.XLOOKUP($A83,'2019-2020'!$B$4:$B$23,'2019-2020'!E$4:E$23) -> 35 | E83: =_xlfn.XLOOKUP($A83,'2019-2020'!$B$4:$B$23,'2019-2020'!F$4:F$23) -> 67 | F83: =_xlfn.XLOOKUP($A83,'2019-2020'!$B$4:$B$23,'2019-2020'!G$4:G$23) -> 17 | G83: =_xlfn.XLOOKUP($A83,'2019-2020'!$B$4:$B$23,'2019-2020'!H$4:H$23) -> 60 | H83: =_xlfn.XLOOKUP($A83,'2019-2020'!$B$4:$B$23,'2019-2020'!I$4:I$23) -> 4 | I83: =_xlfn.XLOOKUP($A83,'2019-2020'!$B$4:$B$23,'2019-2020'!J$4:J$23) -> 92 | ... AS83: =_xlfn.XLOOKUP($A83,'2019-2020'!$B$4:$B$23,'2019-2020'!AT$4:AT$23) -> 19/20
A84: 3 | B84: =_xlfn.XLOOKUP($A84,'2019-2020'!$B$4:$B$23,'2019-2020'!C$4:C$23) -> Manchester United | C84: =_xlfn.XLOOKUP($A84,'2019-2020'!$B$4:$B$23,'2019-2020'!D$4:D$23) -> 66 | D84: =_xlfn.XLOOKUP($A84,'2019-2020'!$B$4:$B$23,'2019-2020'!E$4:E$23) -> 36 | E84: =_xlfn.XLOOKUP($A84,'2019-2020'!$B$4:$B$23,'2019-2020'!F$4:F$23) -> 30 | F84: =_xlfn.XLOOKUP($A84,'2019-2020'!$B$4:$B$23,'2019-2020'!G$4:G$23) -> 13 | G84: =_xlfn.XLOOKUP($A84,'2019-2020'!$B$4:$B$23,'2019-2020'!H$4:H$23) -> 73 | H84: =_xlfn.XLOOKUP($A84,'2019-2020'!$B$4:$B$23,'2019-2020'!I$4:I$23) -> 0 | I84: =_xlfn.XLOOKUP($A84,'2019-2020'!$B$4:$B$23,'2019-2020'!J$4:J$23) -> 62.2 | ... AS84: =_xlfn.XLOOKUP($A84,'2019-2020'!$B$4:$B$23,'2019-2020'!AT$4:AT$23) -> 19/20
A85: 4 | B85: =_xlfn.XLOOKUP($A85,'2019-2020'!$B$4:$B$23,'2019-2020'!C$4:C$23) -> Chelsea | C85: =_xlfn.XLOOKUP($A85,'2019-2020'!$B$4:$B$23,'2019-2020'!D$4:D$23) -> 69 | D85: =_xlfn.XLOOKUP($A85,'2019-2020'!$B$4:$B$23,'2019-2020'!E$4:E$23) -> 54 | E85: =_xlfn.XLOOKUP($A85,'2019-2020'!$B$4:$B$23,'2019-2020'!F$4:F$23) -> 15 | F85: =_xlfn.XLOOKUP($A85,'2019-2020'!$B$4:$B$23,'2019-2020'!G$4:G$23) -> 9 | G85: =_xlfn.XLOOKUP($A85,'2019-2020'!$B$4:$B$23,'2019-2020'!H$4:H$23) -> 60 | H85: =_xlfn.XLOOKUP($A85,'2019-2020'!$B$4:$B$23,'2019-2020'!I$4:I$23) -> 0 | I85: =_xlfn.XLOOKUP($A85,'2019-2020'!$B$4:$B$23,'2019-2020'!J$4:J$23) -> 69.2 | ... AS85: =_xlfn.XLOOKUP($A85,'2019-2020'!$B$4:$B$23,'2019-2020'!AT$4:AT$23) -> 19/20
A86: 5 | B86: =_xlfn.XLOOKUP($A86,'2019-2020'!$B$4:$B$23,'2019-2020'!C$4:C$23) -> Leicester City | C86: =_xlfn.XLOOKUP($A86,'2019-2020'!$B$4:$B$23,'2019-2020'!D$4:D$23) -> 67 | D86: =_xlfn.XLOOKUP($A86,'2019-2020'!$B$4:$B$23,'2019-2020'!E$4:E$23) -> 41 | E86: =_xlfn.XLOOKUP($A86,'2019-2020'!$B$4:$B$23,'2019-2020'!F$4:F$23) -> 26 | F86: =_xlfn.XLOOKUP($A86,'2019-2020'!$B$4:$B$23,'2019-2020'!G$4:G$23) -> 13 | G86: =_xlfn.XLOOKUP($A86,'2019-2020'!$B$4:$B$23,'2019-2020'!H$4:H$23) -> 41 | H86: =_xlfn.XLOOKUP($A86,'2019-2020'!$B$4:$B$23,'2019-2020'!I$4:I$23) -> 3 | I86: =_xlfn.XLOOKUP($A86,'2019-2020'!$B$4:$B$23,'2019-2020'!J$4:J$23) -> 62.2 | ... AS86: =_xlfn.XLOOKUP($A86,'2019-2020'!$B$4:$B$23,'2019-2020'!AT$4:AT$23) -> 19/20
A87: 6 | B87: =_xlfn.XLOOKUP($A87,'2019-2020'!$B$4:$B$23,'2019-2020'!C$4:C$23) -> Tottenham Hotspur | C87: =_xlfn.XLOOKUP($A87,'2019-2020'!$B$4:$B$23,'2019-2020'!D$4:D$23) -> 61 | D87: =_xlfn.XLOOKUP($A87,'2019-2020'!$B$4:$B$23,'2019-2020'!E$4:E$23) -> 47 | E87: =_xlfn.XLOOKUP($A87,'2019-2020'!$B$4:$B$23,'2019-2020'!F$4:F$23) -> 14 | F87: =_xlfn.XLOOKUP($A87,'2019-2020'!$B$4:$B$23,'2019-2020'!G$4:G$23) -> 8 | G87: =_xlfn.XLOOKUP($A87,'2019-2020'!$B$4:$B$23,'2019-2020'!H$4:H$23) -> 82 | H87: =_xlfn.XLOOKUP($A87,'2019-2020'!$B$4:$B$23,'2019-2020'!I$4:I$23) -> 3 | I87: =_xlfn.XLOOKUP($A87,'2019-2020'!$B$4:$B$23,'2019-2020'!J$4:J$23) -> 47.9 | ... AS87: =_xlfn.XLOOKUP($A87,'2019-2020'!$B$4:$B$23,'2019-2020'!AT$4:AT$23) -> 19/20
A88: 7 | B88: =_xlfn.XLOOKUP($A88,'2019-2020'!$B$4:$B$23,'2019-2020'!C$4:C$23) -> Wolverhampton Wanderers | C88: =_xlfn.XLOOKUP($A88,'2019-2020'!$B$4:$B$23,'2019-2020'!D$4:D$23) -> 52 | D88: =_xlfn.XLOOKUP($A88,'2019-2020'!$B$4:$B$23,'2019-2020'!E$4:E$23) -> 40 | E88: =_xlfn.XLOOKUP($A88,'2019-2020'!$B$4:$B$23,'2019-2020'!F$4:F$23) -> 12 | F88: =_xlfn.XLOOKUP($A88,'2019-2020'!$B$4:$B$23,'2019-2020'!G$4:G$23) -> 13 | G88: =_xlfn.XLOOKUP($A88,'2019-2020'!$B$4:$B$23,'2019-2020'!H$4:H$23) -> 57 | H88: =_xlfn.XLOOKUP($A88,'2019-2020'!$B$4:$B$23,'2019-2020'!I$4:I$23) -> 2 | I88: =_xlfn.XLOOKUP($A88,'2019-2020'!$B$4:$B$23,'2019-2020'!J$4:J$23) -> 54.1 | ... AS88: =_xlfn.XLOOKUP($A88,'2019-2020'!$B$4:$B$23,'2019-2020'!AT$4:AT$23) -> 19/20
A89: 8 | B89: =_xlfn.XLOOKUP($A89,'2019-2020'!$B$4:$B$23,'2019-2020'!C$4:C$23) -> Arsenal | C89: =_xlfn.XLOOKUP($A89,'2019-2020'!$B$4:$B$23,'2019-2020'!D$4:D$23) -> 56 | D89: =_xlfn.XLOOKUP($A89,'2019-2020'!$B$4:$B$23,'2019-2020'!E$4:E$23) -> 48 | E89: =_xlfn.XLOOKUP($A89,'2019-2020'!$B$4:$B$23,'2019-2020'!F$4:F$23) -> 8 | F89: =_xlfn.XLOOKUP($A89,'2019-2020'!$B$4:$B$23,'2019-2020'!G$4:G$23) -> 10 | G89: =_xlfn.XLOOKUP($A89,'2019-2020'!$B$4:$B$23,'2019-2020'!H$4:H$23) -> 86 | H89: =_xlfn.XLOOKUP($A89,'2019-2020'!$B$4:$B$23,'2019-2020'!I$4:I$23) -> 5 | I89: =_xlfn.XLOOKUP($A89,'2019-2020'!$B$4:$B$23,'2019-2020'!J$4:J$23) -> 47 | ... AS89: =_xlfn.XLOOKUP($A89,'2019-2020'!$B$4:$B$23,'2019-2020'!AT$4:AT$23) -> 19/20
A90: 9 | B90: =_xlfn.XLOOKUP($A90,'2019-2020'!$B$4:$B$23,'2019-2020'!C$4:C$23) -> Sheffield United | C90: =_xlfn.XLOOKUP($A90,'2019-2020'!$B$4:$B$23,'2019-2020'!D$4:D$23) -> 39 | D90: =_xlfn.XLOOKUP($A90,'2019-2020'!$B$4:$B$23,'2019-2020'!E$4:E$23) -> 39 | E90: =_xlfn.XLOOKUP($A90,'2019-2020'!$B$4:$B$23,'2019-2020'!F$4:F$23) -> 0 | F90: =_xlfn.XLOOKUP($A90,'2019-2020'!$B$4:$B$23,'2019-2020'!G$4:G$23) -> 13 | G90: =_xlfn.XLOOKUP($A90,'2019-2020'!$B$4:$B$23,'2019-2020'!H$4:H$23) -> 61 | H90: =_xlfn.XLOOKUP($A90,'2019-2020'!$B$4:$B$23,'2019-2020'!I$4:I$23) -> 3 | I90: =_xlfn.XLOOKUP($A90,'2019-2020'!$B$4:$B$23,'2019-2020'!J$4:J$23) -> 43 | ... AS90: =_xlfn.XLOOKUP($A90,'2019-2020'!$B$4:$B$23,'2019-2020'!AT$4:AT$23) -> 19/20
A91: 10 | B91: =_xlfn.XLOOKUP($A91,'2019-2020'!$B$4:$B$23,'2019-2020'!C$4:C$23) -> Burnley | C91: =_xlfn.XLOOKUP($A91,'2019-2020'!$B$4:$B$23,'2019-2020'!D$4:D$23) -> 43 | D91: =_xlfn.XLOOKUP($A91,'2019-2020'!$B$4:$B$23,'2019-2020'!E$4:E$23) -> 50 | E91: =_xlfn.XLOOKUP($A91,'2019-2020'!$B$4:$B$23,'2019-2020'!F$4:F$23) -> -7 | F91: =_xlfn.XLOOKUP($A91,'2019-2020'!$B$4:$B$23,'2019-2020'!G$4:G$23) -> 15 | G91: =_xlfn.XLOOKUP($A91,'2019-2020'!$B$4:$B$23,'2019-2020'!H$4:H$23) -> 67 | H91: =_xlfn.XLOOKUP($A91,'2019-2020'!$B$4:$B$23,'2019-2020'!I$4:I$23) -> 0 | I91: =_xlfn.XLOOKUP($A91,'2019-2020'!$B$4:$B$23,'2019-2020'!J$4:J$23) -> 47.4 | ... AS91: =_xlfn.XLOOKUP($A91,'2019-2020'!$B$4:$B$23,'2019-2020'!AT$4:AT$23) -> 19/20
A92: 11 | B92: =_xlfn.XLOOKUP($A92,'2019-2020'!$B$4:$B$23,'2019-2020'!C$4:C$23) -> Southampton | C92: =_xlfn.XLOOKUP($A92,'2019-2020'!$B$4:$B$23,'2019-2020'!D$4:D$23) -> 51 | D92: =_xlfn.XLOOKUP($A92,'2019-2020'!$B$4:$B$23,'2019-2020'!E$4:E$23) -> 60 | E92: =_xlfn.XLOOKUP($A92,'2019-2020'!$B$4:$B$23,'2019-2020'!F$4:F$23) -> -9 | F92: =_xlfn.XLOOKUP($A92,'2019-2020'!$B$4:$B$23,'2019-2020'!G$4:G$23) -> 9 | G92: =_xlfn.XLOOKUP($A92,'2019-2020'!$B$4:$B$23,'2019-2020'!H$4:H$23) -> 53 | H92: =_xlfn.XLOOKUP($A92,'2019-2020'!$B$4:$B$23,'2019-2020'!I$4:I$23) -> 4 | I92: =_xlfn.XLOOKUP($A92,'2019-2020'!$B$4:$B$23,'2019-2020'!J$4:J$23) -> 56.1 | ... AS92: =_xlfn.XLOOKUP($A92,'2019-2020'!$B$4:$B$23,'2019-2020'!AT$4:AT$23) -> 19/20
A93: 12 | B93: =_xlfn.XLOOKUP($A93,'2019-2020'!$B$4:$B$23,'2019-2020'!C$4:C$23) -> Everton | C93: =_xlfn.XLOOKUP($A93,'2019-2020'!$B$4:$B$23,'2019-2020'!D$4:D$23) -> 44 | D93: =_xlfn.XLOOKUP($A93,'2019-2020'!$B$4:$B$23,'2019-2020'!E$4:E$23) -> 56 | E93: =_xlfn.XLOOKUP($A93,'2019-2020'!$B$4:$B$23,'2019-2020'!F$4:F$23) -> -12 | F93: =_xlfn.XLOOKUP($A93,'2019-2020'!$B$4:$B$23,'2019-2020'!G$4:G$23) -> 9 | G93: =_xlfn.XLOOKUP($A93,'2019-2020'!$B$4:$B$23,'2019-2020'!H$4:H$23) -> 70 | H93: =_xlfn.XLOOKUP($A93,'2019-2020'!$B$4:$B$23,'2019-2020'!I$4:I$23) -> 3 | I93: =_xlfn.XLOOKUP($A93,'2019-2020'!$B$4:$B$23,'2019-2020'!J$4:J$23) -> 50.8 | ... AS93: =_xlfn.XLOOKUP($A93,'2019-2020'!$B$4:$B$23,'2019-2020'!AT$4:AT$23) -> 19/20
... A101: 20 | B101: =_xlfn.XLOOKUP($A101,'2019-2020'!$B$4:$B$23,'2019-2020'!C$4:C$23) -> Norwich City | C101: =_xlfn.XLOOKUP($A101,'2019-2020'!$B$4:$B$23,'2019-2020'!D$4:D$23) -> 26 | D101: =_xlfn.XLOOKUP($A101,'2019-2020'!$B$4:$B$23,'2019-2020'!E$4:E$23) -> 75 | E101: =_xlfn.XLOOKUP($A101,'2019-2020'!$B$4:$B$23,'2019-2020'!F$4:F$23) -> -49 | F101: =_xlfn.XLOOKUP($A101,'2019-2020'!$B$4:$B$23,'2019-2020'!G$4:G$23) -> 5 | G101: =_xlfn.XLOOKUP($A101,'2019-2020'!$B$4:$B$23,'2019-2020'!H$4:H$23) -> 68 | H101: =_xlfn.XLOOKUP($A101,'2019-2020'!$B$4:$B$23,'2019-2020'!I$4:I$23) -> 3 | I101: =_xlfn.XLOOKUP($A101,'2019-2020'!$B$4:$B$23,'2019-2020'!J$4:J$23) -> 37 | ... AS101: =_xlfn.XLOOKUP($A101,'2019-2020'!$B$4:$B$23,'2019-2020'!AT$4:AT$23) -> 19/20
A102: 1 | B102: =_xlfn.XLOOKUP($A102,'2020-2021'!$B$4:$B$23,'2020-2021'!C$4:C$23) -> Manchester City | C102: =_xlfn.XLOOKUP($A102,'2020-2021'!$B$4:$B$23,'2020-2021'!D$4:D$23) -> 83 | D102: =_xlfn.XLOOKUP($A102,'2020-2021'!$B$4:$B$23,'2020-2021'!E$4:E$23) -> 32 | E102: =_xlfn.XLOOKUP($A102,'2020-2021'!$B$4:$B$23,'2020-2021'!F$4:F$23) -> 51 | F102: =_xlfn.XLOOKUP($A102,'2020-2021'!$B$4:$B$23,'2020-2021'!G$4:G$23) -> 19 | G102: =_xlfn.XLOOKUP($A102,'2020-2021'!$B$4:$B$23,'2020-2021'!H$4:H$23) -> 46 | H102: =_xlfn.XLOOKUP($A102,'2020-2021'!$B$4:$B$23,'2020-2021'!I$4:I$23) -> 2 | I102: =_xlfn.XLOOKUP($A102,'2020-2021'!$B$4:$B$23,'2020-2021'!J$4:J$23) -> 68.2 | ... AS102: =_xlfn.XLOOKUP($A102,'2020-2021'!$B$4:$B$23,'2020-2021'!AT$4:AT$23) -> 20/21
A103: 2 | B103: =_xlfn.XLOOKUP($A103,'2020-2021'!$B$4:$B$23,'2020-2021'!C$4:C$23) -> Manchester United | C103: =_xlfn.XLOOKUP($A103,'2020-2021'!$B$4:$B$23,'2020-2021'!D$4:D$23) -> 73 | D103: =_xlfn.XLOOKUP($A103,'2020-2021'!$B$4:$B$23,'2020-2021'!E$4:E$23) -> 44 | E103: =_xlfn.XLOOKUP($A103,'2020-2021'!$B$4:$B$23,'2020-2021'!F$4:F$23) -> 29 | F103: =_xlfn.XLOOKUP($A103,'2020-2021'!$B$4:$B$23,'2020-2021'!G$4:G$23) -> 13 | G103: =_xlfn.XLOOKUP($A103,'2020-2021'!$B$4:$B$23,'2020-2021'!H$4:H$23) -> 64 | H103: =_xlfn.XLOOKUP($A103,'2020-2021'!$B$4:$B$23,'2020-2021'!I$4:I$23) -> 1 | I103: =_xlfn.XLOOKUP($A103,'2020-2021'!$B$4:$B$23,'2020-2021'!J$4:J$23) -> 60.1 | ... AS103: =_xlfn.XLOOKUP($A103,'2020-2021'!$B$4:$B$23,'2020-2021'!AT$4:AT$23) -> 20/21
A104: 3 | B104: =_xlfn.XLOOKUP($A104,'2020-2021'!$B$4:$B$23,'2020-2021'!C$4:C$23) -> Liverpool | C104: =_xlfn.XLOOKUP($A104,'2020-2021'!$B$4:$B$23,'2020-2021'!D$4:D$23) -> 68 | D104: =_xlfn.XLOOKUP($A104,'2020-2021'!$B$4:$B$23,'2020-2021'!E$4:E$23) -> 42 | E104: =_xlfn.XLOOKUP($A104,'2020-2021'!$B$4:$B$23,'2020-2021'!F$4:F$23) -> 26 | F104: =_xlfn.XLOOKUP($A104,'2020-2021'!$B$4:$B$23,'2020-2021'!G$4:G$23) -> 12 | G104: =_xlfn.XLOOKUP($A104,'2020-2021'!$B$4:$B$23,'2020-2021'!H$4:H$23) -> 40 | H104: =_xlfn.XLOOKUP($A104,'2020-2021'!$B$4:$B$23,'2020-2021'!I$4:I$23) -> 0 | I104: =_xlfn.XLOOKUP($A104,'2020-2021'!$B$4:$B$23,'2020-2021'!J$4:J$23) -> 67.5 | ... AS104: =_xlfn.XLOOKUP($A104,'2020-2021'!$B$4:$B$23,'2020-2021'!AT$4:AT$23) -> 20/21
A105: 4 | B105: =_xlfn.XLOOKUP($A105,'2020-2021'!$B$4:$B$23,'2020-2021'!C$4:C$23) -> Chelsea | C105: =_xlfn.XLOOKUP($A105,'2020-2021'!$B$4:$B$23,'2020-2021'!D$4:D$23) -> 58 | D105: =_xlfn.XLOOKUP($A105,'2020-2021'!$B$4:$B$23,'2020-2021'!E$4:E$23) -> 36 | E105: =_xlfn.XLOOKUP($A105,'2020-2021'!$B$4:$B$23,'2020-2021'!F$4:F$23) -> 22 | F105: =_xlfn.XLOOKUP($A105,'2020-2021'!$B$4:$B$23,'2020-2021'!G$4:G$23) -> 18 | G105: =_xlfn.XLOOKUP($A105,'2020-2021'!$B$4:$B$23,'2020-2021'!H$4:H$23) -> 50 | H105: =_xlfn.XLOOKUP($A105,'2020-2021'!$B$4:$B$23,'2020-2021'!I$4:I$23) -> 3 | I105: =_xlfn.XLOOKUP($A105,'2020-2021'!$B$4:$B$23,'2020-2021'!J$4:J$23) -> 62.4 | ... AS105: =_xlfn.XLOOKUP($A105,'2020-2021'!$B$4:$B$23,'2020-2021'!AT$4:AT$23) -> 20/21
A106: 5 | B106: =_xlfn.XLOOKUP($A106,'2020-2021'!$B$4:$B$23,'2020-2021'!C$4:C$23) -> Leicester City | C106: =_xlfn.XLOOKUP($A106,'2020-2021'!$B$4:$B$23,'2020-2021'!D$4:D$23) -> 68 | D106: =_xlfn.XLOOKUP($A106,'2020-2021'!$B$4:$B$23,'2020-2021'!E$4:E$23) -> 50 | E106: =_xlfn.XLOOKUP($A106,'2020-2021'!$B$4:$B$23,'2020-2021'!F$4:F$23) -> 18 | F106: =_xlfn.XLOOKUP($A106,'2020-2021'!$B$4:$B$23,'2020-2021'!G$4:G$23) -> 11 | G106: =_xlfn.XLOOKUP($A106,'2020-2021'!$B$4:$B$23,'2020-2021'!H$4:H$23) -> 61 | H106: =_xlfn.XLOOKUP($A106,'2020-2021'!$B$4:$B$23,'2020-2021'!I$4:I$23) -> 0 | I106: =_xlfn.XLOOKUP($A106,'2020-2021'!$B$4:$B$23,'2020-2021'!J$4:J$23) -> 55.8 | ... AS106: =_xlfn.XLOOKUP($A106,'2020-2021'!$B$4:$B$23,'2020-2021'!AT$4:AT$23) -> 20/21
A107: 6 | B107: =_xlfn.XLOOKUP($A107,'2020-2021'!$B$4:$B$23,'2020-2021'!C$4:C$23) -> West Ham United | C107: =_xlfn.XLOOKUP($A107,'2020-2021'!$B$4:$B$23,'2020-2021'!D$4:D$23) -> 62 | D107: =_xlfn.XLOOKUP($A107,'2020-2021'!$B$4:$B$23,'2020-2021'!E$4:E$23) -> 47 | E107: =_xlfn.XLOOKUP($A107,'2020-2021'!$B$4:$B$23,'2020-2021'!F$4:F$23) -> 15 | F107: =_xlfn.XLOOKUP($A107,'2020-2021'!$B$4:$B$23,'2020-2021'!G$4:G$23) -> 11 | G107: =_xlfn.XLOOKUP($A107,'2020-2021'!$B$4:$B$23,'2020-2021'!H$4:H$23) -> 48 | H107: =_xlfn.XLOOKUP($A107,'2020-2021'!$B$4:$B$23,'2020-2021'!I$4:I$23) -> 3 | I107: =_xlfn.XLOOKUP($A107,'2020-2021'!$B$4:$B$23,'2020-2021'!J$4:J$23) -> 55.4 | ... AS107: =_xlfn.XLOOKUP($A107,'2020-2021'!$B$4:$B$23,'2020-2021'!AT$4:AT$23) -> 20/21
A108: 7 | B108: =_xlfn.XLOOKUP($A108,'2020-2021'!$B$4:$B$23,'2020-2021'!C$4:C$23) -> Tottenham Hotspur | C108: =_xlfn.XLOOKUP($A108,'2020-2021'!$B$4:$B$23,'2020-2021'!D$4:D$23) -> 68 | D108: =_xlfn.XLOOKUP($A108,'2020-2021'!$B$4:$B$23,'2020-2021'!E$4:E$23) -> 45 | E108: =_xlfn.XLOOKUP($A108,'2020-2021'!$B$4:$B$23,'2020-2021'!F$4:F$23) -> 23 | F108: =_xlfn.XLOOKUP($A108,'2020-2021'!$B$4:$B$23,'2020-2021'!G$4:G$23) -> 12 | G108: =_xlfn.XLOOKUP($A108,'2020-2021'!$B$4:$B$23,'2020-2021'!H$4:H$23) -> 53 | H108: =_xlfn.XLOOKUP($A108,'2020-2021'!$B$4:$B$23,'2020-2021'!I$4:I$23) -> 2 | I108: =_xlfn.XLOOKUP($A108,'2020-2021'!$B$4:$B$23,'2020-2021'!J$4:J$23) -> 53.1 | ... AS108: =_xlfn.XLOOKUP($A108,'2020-2021'!$B$4:$B$23,'2020-2021'!AT$4:AT$23) -> 20/21
A109: 8 | B109: =_xlfn.XLOOKUP($A109,'2020-2021'!$B$4:$B$23,'2020-2021'!C$4:C$23) -> Arsenal | C109: =_xlfn.XLOOKUP($A109,'2020-2021'!$B$4:$B$23,'2020-2021'!D$4:D$23) -> 55 | D109: =_xlfn.XLOOKUP($A109,'2020-2021'!$B$4:$B$23,'2020-2021'!E$4:E$23) -> 39 | E109: =_xlfn.XLOOKUP($A109,'2020-2021'!$B$4:$B$23,'2020-2021'!F$4:F$23) -> 16 | F109: =_xlfn.XLOOKUP($A109,'2020-2021'!$B$4:$B$23,'2020-2021'!G$4:G$23) -> 12 | G109: =_xlfn.XLOOKUP($A109,'2020-2021'!$B$4:$B$23,'2020-2021'!H$4:H$23) -> 47 | H109: =_xlfn.XLOOKUP($A109,'2020-2021'!$B$4:$B$23,'2020-2021'!I$4:I$23) -> 5 | I109: =_xlfn.XLOOKUP($A109,'2020-2021'!$B$4:$B$23,'2020-2021'!J$4:J$23) -> 51.8 | ... AS109: =_xlfn.XLOOKUP($A109,'2020-2021'!$B$4:$B$23,'2020-2021'!AT$4:AT$23) -> 20/21
A110: 9 | B110: =_xlfn.XLOOKUP($A110,'2020-2021'!$B$4:$B$23,'2020-2021'!C$4:C$23) -> Leeds United | C110: =_xlfn.XLOOKUP($A110,'2020-2021'!$B$4:$B$23,'2020-2021'!D$4:D$23) -> 62 | D110: =_xlfn.XLOOKUP($A110,'2020-2021'!$B$4:$B$23,'2020-2021'!E$4:E$23) -> 54 | E110: =_xlfn.XLOOKUP($A110,'2020-2021'!$B$4:$B$23,'2020-2021'!F$4:F$23) -> 8 | F110: =_xlfn.XLOOKUP($A110,'2020-2021'!$B$4:$B$23,'2020-2021'!G$4:G$23) -> 12 | G110: =_xlfn.XLOOKUP($A110,'2020-2021'!$B$4:$B$23,'2020-2021'!H$4:H$23) -> 61 | H110: =_xlfn.XLOOKUP($A110,'2020-2021'!$B$4:$B$23,'2020-2021'!I$4:I$23) -> 1 | I110: =_xlfn.XLOOKUP($A110,'2020-2021'!$B$4:$B$23,'2020-2021'!J$4:J$23) -> 55.6 | ... AS110: =_xlfn.XLOOKUP($A110,'2020-2021'!$B$4:$B$23,'2020-2021'!AT$4:AT$23) -> 20/21
A111: 10 | B111: =_xlfn.XLOOKUP($A111,'2020-2021'!$B$4:$B$23,'2020-2021'!C$4:C$23) -> Everton | C111: =_xlfn.XLOOKUP($A111,'2020-2021'!$B$4:$B$23,'2020-2021'!D$4:D$23) -> 47 | D111: =_xlfn.XLOOKUP($A111,'2020-2021'!$B$4:$B$23,'2020-2021'!E$4:E$23) -> 48 | E111: =_xlfn.XLOOKUP($A111,'2020-2021'!$B$4:$B$23,'2020-2021'!F$4:F$23) -> -1 | F111: =_xlfn.XLOOKUP($A111,'2020-2021'!$B$4:$B$23,'2020-2021'!G$4:G$23) -> 12 | G111: =_xlfn.XLOOKUP($A111,'2020-2021'!$B$4:$B$23,'2020-2021'!H$4:H$23) -> 59 | H111: =_xlfn.XLOOKUP($A111,'2020-2021'!$B$4:$B$23,'2020-2021'!I$4:I$23) -> 2 | I111: =_xlfn.XLOOKUP($A111,'2020-2021'!$B$4:$B$23,'2020-2021'!J$4:J$23) -> 45.7 | ... AS111: =_xlfn.XLOOKUP($A111,'2020-2021'!$B$4:$B$23,'2020-2021'!AT$4:AT$23) -> 20/21
A112: 11 | B112: =_xlfn.XLOOKUP($A112,'2020-2021'!$B$4:$B$23,'2020-2021'!C$4:C$23) -> Aston Villa | C112: =_xlfn.XLOOKUP($A112,'2020-2021'!$B$4:$B$23,'2020-2021'!D$4:D$23) -> 55 | D112: =_xlfn.XLOOKUP($A112,'2020-2021'!$B$4:$B$23,'2020-2021'!E$4:E$23) -> 46 | E112: =_xlfn.XLOOKUP($A112,'2020-2021'!$B$4:$B$23,'2020-2021'!F$4:F$23) -> 9 | F112: =_xlfn.XLOOKUP($A112,'2020-2021'!$B$4:$B$23,'2020-2021'!G$4:G$23) -> 15 | G112: =_xlfn.XLOOKUP($A112,'2020-2021'!$B$4:$B$23,'2020-2021'!H$4:H$23) -> 63 | H112: =_xlfn.XLOOKUP($A112,'2020-2021'!$B$4:$B$23,'2020-2021'!I$4:I$23) -> 4 | I112: =_xlfn.XLOOKUP($A112,'2020-2021'!$B$4:$B$23,'2020-2021'!J$4:J$23) -> 52.5 | ... AS112: =_xlfn.XLOOKUP($A112,'2020-2021'!$B$4:$B$23,'2020-2021'!AT$4:AT$23) -> 20/21
A113: 12 | B113: =_xlfn.XLOOKUP($A113,'2020-2021'!$B$4:$B$23,'2020-2021'!C$4:C$23) -> Newcastle United | C113: =_xlfn.XLOOKUP($A113,'2020-2021'!$B$4:$B$23,'2020-2021'!D$4:D$23) -> 46 | D113: =_xlfn.XLOOKUP($A113,'2020-2021'!$B$4:$B$23,'2020-2021'!E$4:E$23) -> 62 | E113: =_xlfn.XLOOKUP($A113,'2020-2021'!$B$4:$B$23,'2020-2021'!F$4:F$23) -> -16 | F113: =_xlfn.XLOOKUP($A113,'2020-2021'!$B$4:$B$23,'2020-2021'!G$4:G$23) -> 7 | G113: =_xlfn.XLOOKUP($A113,'2020-2021'!$B$4:$B$23,'2020-2021'!H$4:H$23) -> 61 | H113: =_xlfn.XLOOKUP($A113,'2020-2021'!$B$4:$B$23,'2020-2021'!I$4:I$23) -> 3 | I113: =_xlfn.XLOOKUP($A113,'2020-2021'!$B$4:$B$23,'2020-2021'!J$4:J$23) -> 43.4 | ... AS113: =_xlfn.XLOOKUP($A113,'2020-2021'!$B$4:$B$23,'2020-2021'!AT$4:AT$23) -> 20/21
... A121: 20 | B121: =_xlfn.XLOOKUP($A121,'2020-2021'!$B$4:$B$23,'2020-2021'!C$4:C$23) -> Sheffield United | C121: =_xlfn.XLOOKUP($A121,'2020-2021'!$B$4:$B$23,'2020-2021'!D$4:D$23) -> 20 | D121: =_xlfn.XLOOKUP($A121,'2020-2021'!$B$4:$B$23,'2020-2021'!E$4:E$23) -> 63 | E121: =_xlfn.XLOOKUP($A121,'2020-2021'!$B$4:$B$23,'2020-2021'!F$4:F$23) -> -43 | F121: =_xlfn.XLOOKUP($A121,'2020-2021'!$B$4:$B$23,'2020-2021'!G$4:G$23) -> 5 | G121: =_xlfn.XLOOKUP($A121,'2020-2021'!$B$4:$B$23,'2020-2021'!H$4:H$23) -> 73 | H121: =_xlfn.XLOOKUP($A121,'2020-2021'!$B$4:$B$23,'2020-2021'!I$4:I$23) -> 3 | I121: =_xlfn.XLOOKUP($A121,'2020-2021'!$B$4:$B$23,'2020-2021'!J$4:J$23) -> 32.6 | ... AS121: =_xlfn.XLOOKUP($A121,'2020-2021'!$B$4:$B$23,'2020-2021'!AT$4:AT$23) -> 20/21
A122: 1 | B122: =_xlfn.XLOOKUP($A122,'2021-2022'!$B$4:$B$23,'2021-2022'!C$4:C$23) -> Manchester City | C122: =_xlfn.XLOOKUP($A122,'2021-2022'!$B$4:$B$23,'2021-2022'!D$4:D$23) -> 99 | D122: =_xlfn.XLOOKUP($A122,'2021-2022'!$B$4:$B$23,'2021-2022'!E$4:E$23) -> 26 | E122: =_xlfn.XLOOKUP($A122,'2021-2022'!$B$4:$B$23,'2021-2022'!F$4:F$23) -> 73 | F122: =_xlfn.XLOOKUP($A122,'2021-2022'!$B$4:$B$23,'2021-2022'!G$4:G$23) -> 21 | G122: =_xlfn.XLOOKUP($A122,'2021-2022'!$B$4:$B$23,'2021-2022'!H$4:H$23) -> 42 | H122: =_xlfn.XLOOKUP($A122,'2021-2022'!$B$4:$B$23,'2021-2022'!I$4:I$23) -> 1 | I122: =_xlfn.XLOOKUP($A122,'2021-2022'!$B$4:$B$23,'2021-2022'!J$4:J$23) -> 88.7 | ... AS122: =_xlfn.XLOOKUP($A122,'2021-2022'!$B$4:$B$23,'2021-2022'!AT$4:AT$23) -> 21/22
A123: 2 | B123: =_xlfn.XLOOKUP($A123,'2021-2022'!$B$4:$B$23,'2021-2022'!C$4:C$23) -> Liverpool | C123: =_xlfn.XLOOKUP($A123,'2021-2022'!$B$4:$B$23,'2021-2022'!D$4:D$23) -> 94 | D123: =_xlfn.XLOOKUP($A123,'2021-2022'!$B$4:$B$23,'2021-2022'!E$4:E$23) -> 26 | E123: =_xlfn.XLOOKUP($A123,'2021-2022'!$B$4:$B$23,'2021-2022'!F$4:F$23) -> 68 | F123: =_xlfn.XLOOKUP($A123,'2021-2022'!$B$4:$B$23,'2021-2022'!G$4:G$23) -> 21 | G123: =_xlfn.XLOOKUP($A123,'2021-2022'!$B$4:$B$23,'2021-2022'!H$4:H$23) -> 50 | H123: =_xlfn.XLOOKUP($A123,'2021-2022'!$B$4:$B$23,'2021-2022'!I$4:I$23) -> 1 | I123: =_xlfn.XLOOKUP($A123,'2021-2022'!$B$4:$B$23,'2021-2022'!J$4:J$23) -> 88.7 | ... AS123: =_xlfn.XLOOKUP($A123,'2021-2022'!$B$4:$B$23,'2021-2022'!AT$4:AT$23) -> 21/22
A124: 3 | B124: =_xlfn.XLOOKUP($A124,'2021-2022'!$B$4:$B$23,'2021-2022'!C$4:C$23) -> Chelsea | C124: =_xlfn.XLOOKUP($A124,'2021-2022'!$B$4:$B$23,'2021-2022'!D$4:D$23) -> 76 | D124: =_xlfn.XLOOKUP($A124,'2021-2022'!$B$4:$B$23,'2021-2022'!E$4:E$23) -> 33 | E124: =_xlfn.XLOOKUP($A124,'2021-2022'!$B$4:$B$23,'2021-2022'!F$4:F$23) -> 43 | F124: =_xlfn.XLOOKUP($A124,'2021-2022'!$B$4:$B$23,'2021-2022'!G$4:G$23) -> 16 | G124: =_xlfn.XLOOKUP($A124,'2021-2022'!$B$4:$B$23,'2021-2022'!H$4:H$23) -> 63 | H124: =_xlfn.XLOOKUP($A124,'2021-2022'!$B$4:$B$23,'2021-2022'!I$4:I$23) -> 1 | I124: =_xlfn.XLOOKUP($A124,'2021-2022'!$B$4:$B$23,'2021-2022'!J$4:J$23) -> 63.4 | ... AS124: =_xlfn.XLOOKUP($A124,'2021-2022'!$B$4:$B$23,'2021-2022'!AT$4:AT$23) -> 21/22
A125: 4 | B125: =_xlfn.XLOOKUP($A125,'2021-2022'!$B$4:$B$23,'2021-2022'!C$4:C$23) -> Tottenham Hotspur | C125: =_xlfn.XLOOKUP($A125,'2021-2022'!$B$4:$B$23,'2021-2022'!D$4:D$23) -> 69 | D125: =_xlfn.XLOOKUP($A125,'2021-2022'!$B$4:$B$23,'2021-2022'!E$4:E$23) -> 40 | E125: =_xlfn.XLOOKUP($A125,'2021-2022'!$B$4:$B$23,'2021-2022'!F$4:F$23) -> 29 | F125: =_xlfn.XLOOKUP($A125,'2021-2022'!$B$4:$B$23,'2021-2022'!G$4:G$23) -> 16 | G125: =_xlfn.XLOOKUP($A125,'2021-2022'!$B$4:$B$23,'2021-2022'!H$4:H$23) -> 69 | H125: =_xlfn.XLOOKUP($A125,'2021-2022'!$B$4:$B$23,'2021-2022'!I$4:I$23) -> 1 | I125: =_xlfn.XLOOKUP($A125,'2021-2022'!$B$4:$B$23,'2021-2022'!J$4:J$23) -> 61.2 | ... AS125: =_xlfn.XLOOKUP($A125,'2021-2022'!$B$4:$B$23,'2021-2022'!AT$4:AT$23) -> 21/22
A126: 5 | B126: =_xlfn.XLOOKUP($A126,'2021-2022'!$B$4:$B$23,'2021-2022'!C$4:C$23) -> Arsenal | C126: =_xlfn.XLOOKUP($A126,'2021-2022'!$B$4:$B$23,'2021-2022'!D$4:D$23) -> 61 | D126: =_xlfn.XLOOKUP($A126,'2021-2022'!$B$4:$B$23,'2021-2022'!E$4:E$23) -> 48 | E126: =_xlfn.XLOOKUP($A126,'2021-2022'!$B$4:$B$23,'2021-2022'!F$4:F$23) -> 13 | F126: =_xlfn.XLOOKUP($A126,'2021-2022'!$B$4:$B$23,'2021-2022'!G$4:G$23) -> 13 | G126: =_xlfn.XLOOKUP($A126,'2021-2022'!$B$4:$B$23,'2021-2022'!H$4:H$23) -> 67 | H126: =_xlfn.XLOOKUP($A126,'2021-2022'!$B$4:$B$23,'2021-2022'!I$4:I$23) -> 4 | I126: =_xlfn.XLOOKUP($A126,'2021-2022'!$B$4:$B$23,'2021-2022'!J$4:J$23) -> 60.5 | ... AS126: =_xlfn.XLOOKUP($A126,'2021-2022'!$B$4:$B$23,'2021-2022'!AT$4:AT$23) -> 21/22
A127: 6 | B127: =_xlfn.XLOOKUP($A127,'2021-2022'!$B$4:$B$23,'2021-2022'!C$4:C$23) -> Manchester United | C127: =_xlfn.XLOOKUP($A127,'2021-2022'!$B$4:$B$23,'2021-2022'!D$4:D$23) -> 57 | D127: =_xlfn.XLOOKUP($A127,'2021-2022'!$B$4:$B$23,'2021-2022'!E$4:E$23) -> 57 | E127: =_xlfn.XLOOKUP($A127,'2021-2022'!$B$4:$B$23,'2021-2022'!F$4:F$23) -> 0 | F127: =_xlfn.XLOOKUP($A127,'2021-2022'!$B$4:$B$23,'2021-2022'!G$4:G$23) -> 8 | G127: =_xlfn.XLOOKUP($A127,'2021-2022'!$B$4:$B$23,'2021-2022'!H$4:H$23) -> 77 | H127: =_xlfn.XLOOKUP($A127,'2021-2022'!$B$4:$B$23,'2021-2022'!I$4:I$23) -> 2 | I127: =_xlfn.XLOOKUP($A127,'2021-2022'!$B$4:$B$23,'2021-2022'!J$4:J$23) -> 55.8 | ... AS127: =_xlfn.XLOOKUP($A127,'2021-2022'!$B$4:$B$23,'2021-2022'!AT$4:AT$23) -> 21/22
A128: 7 | B128: =_xlfn.XLOOKUP($A128,'2021-2022'!$B$4:$B$23,'2021-2022'!C$4:C$23) -> West Ham United | C128: =_xlfn.XLOOKUP($A128,'2021-2022'!$B$4:$B$23,'2021-2022'!D$4:D$23) -> 60 | D128: =_xlfn.XLOOKUP($A128,'2021-2022'!$B$4:$B$23,'2021-2022'!E$4:E$23) -> 51 | E128: =_xlfn.XLOOKUP($A128,'2021-2022'!$B$4:$B$23,'2021-2022'!F$4:F$23) -> 9 | F128: =_xlfn.XLOOKUP($A128,'2021-2022'!$B$4:$B$23,'2021-2022'!G$4:G$23) -> 8 | G128: =_xlfn.XLOOKUP($A128,'2021-2022'!$B$4:$B$23,'2021-2022'!H$4:H$23) -> 52 | H128: =_xlfn.XLOOKUP($A128,'2021-2022'!$B$4:$B$23,'2021-2022'!I$4:I$23) -> 3 | I128: =_xlfn.XLOOKUP($A128,'2021-2022'!$B$4:$B$23,'2021-2022'!J$4:J$23) -> 51.4 | ... AS128: =_xlfn.XLOOKUP($A128,'2021-2022'!$B$4:$B$23,'2021-2022'!AT$4:AT$23) -> 21/22
A129: 8 | B129: =_xlfn.XLOOKUP($A129,'2021-2022'!$B$4:$B$23,'2021-2022'!C$4:C$23) -> Leicester City | C129: =_xlfn.XLOOKUP($A129,'2021-2022'!$B$4:$B$23,'2021-2022'!D$4:D$23) -> 62 | D129: =_xlfn.XLOOKUP($A129,'2021-2022'!$B$4:$B$23,'2021-2022'!E$4:E$23) -> 59 | E129: =_xlfn.XLOOKUP($A129,'2021-2022'!$B$4:$B$23,'2021-2022'!F$4:F$23) -> 3 | F129: =_xlfn.XLOOKUP($A129,'2021-2022'!$B$4:$B$23,'2021-2022'!G$4:G$23) -> 7 | G129: =_xlfn.XLOOKUP($A129,'2021-2022'!$B$4:$B$23,'2021-2022'!H$4:H$23) -> 55 | H129: =_xlfn.XLOOKUP($A129,'2021-2022'!$B$4:$B$23,'2021-2022'!I$4:I$23) -> 1 | I129: =_xlfn.XLOOKUP($A129,'2021-2022'!$B$4:$B$23,'2021-2022'!J$4:J$23) -> 47.8 | ... AS129: =_xlfn.XLOOKUP($A129,'2021-2022'!$B$4:$B$23,'2021-2022'!AT$4:AT$23) -> 21/22
A130: 9 | B130: =_xlfn.XLOOKUP($A130,'2021-2022'!$B$4:$B$23,'2021-2022'!C$4:C$23) -> Brighton and Hove Albion | C130: =_xlfn.XLOOKUP($A130,'2021-2022'!$B$4:$B$23,'2021-2022'!D$4:D$23) -> 42 | D130: =_xlfn.XLOOKUP($A130,'2021-2022'!$B$4:$B$23,'2021-2022'!E$4:E$23) -> 44 | E130: =_xlfn.XLOOKUP($A130,'2021-2022'!$B$4:$B$23,'2021-2022'!F$4:F$23) -> -2 | F130: =_xlfn.XLOOKUP($A130,'2021-2022'!$B$4:$B$23,'2021-2022'!G$4:G$23) -> 11 | G130: =_xlfn.XLOOKUP($A130,'2021-2022'!$B$4:$B$23,'2021-2022'!H$4:H$23) -> 72 | H130: =_xlfn.XLOOKUP($A130,'2021-2022'!$B$4:$B$23,'2021-2022'!I$4:I$23) -> 2 | I130: =_xlfn.XLOOKUP($A130,'2021-2022'!$B$4:$B$23,'2021-2022'!J$4:J$23) -> 46.2 | ... AS130: =_xlfn.XLOOKUP($A130,'2021-2022'!$B$4:$B$23,'2021-2022'!AT$4:AT$23) -> 21/22
A131: 10 | B131: =_xlfn.XLOOKUP($A131,'2021-2022'!$B$4:$B$23,'2021-2022'!C$4:C$23) -> Wolverhampton Wanderers | C131: =_xlfn.XLOOKUP($A131,'2021-2022'!$B$4:$B$23,'2021-2022'!D$4:D$23) -> 38 | D131: =_xlfn.XLOOKUP($A131,'2021-2022'!$B$4:$B$23,'2021-2022'!E$4:E$23) -> 43 | E131: =_xlfn.XLOOKUP($A131,'2021-2022'!$B$4:$B$23,'2021-2022'!F$4:F$23) -> -5 | F131: =_xlfn.XLOOKUP($A131,'2021-2022'!$B$4:$B$23,'2021-2022'!G$4:G$23) -> 11 | G131: =_xlfn.XLOOKUP($A131,'2021-2022'!$B$4:$B$23,'2021-2022'!H$4:H$23) -> 62 | H131: =_xlfn.XLOOKUP($A131,'2021-2022'!$B$4:$B$23,'2021-2022'!I$4:I$23) -> 2 | I131: =_xlfn.XLOOKUP($A131,'2021-2022'!$B$4:$B$23,'2021-2022'!J$4:J$23) -> 37.5 | ... AS131: =_xlfn.XLOOKUP($A131,'2021-2022'!$B$4:$B$23,'2021-2022'!AT$4:AT$23) -> 21/22
A132: 11 | B132: =_xlfn.XLOOKUP($A132,'2021-2022'!$B$4:$B$23,'2021-2022'!C$4:C$23) -> Newcastle United | C132: =_xlfn.XLOOKUP($A132,'2021-2022'!$B$4:$B$23,'2021-2022'!D$4:D$23) -> 44 | D132: =_xlfn.XLOOKUP($A132,'2021-2022'!$B$4:$B$23,'2021-2022'!E$4:E$23) -> 62 | E132: =_xlfn.XLOOKUP($A132,'2021-2022'!$B$4:$B$23,'2021-2022'!F$4:F$23) -> -18 | F132: =_xlfn.XLOOKUP($A132,'2021-2022'!$B$4:$B$23,'2021-2022'!G$4:G$23) -> 8 | G132: =_xlfn.XLOOKUP($A132,'2021-2022'!$B$4:$B$23,'2021-2022'!H$4:H$23) -> 81 | H132: =_xlfn.XLOOKUP($A132,'2021-2022'!$B$4:$B$23,'2021-2022'!I$4:I$23) -> 2 | I132: =_xlfn.XLOOKUP($A132,'2021-2022'!$B$4:$B$23,'2021-2022'!J$4:J$23) -> 38.1 | ... AS132: =_xlfn.XLOOKUP($A132,'2021-2022'!$B$4:$B$23,'2021-2022'!AT$4:AT$23) -> 21/22
A133: 12 | B133: =_xlfn.XLOOKUP($A133,'2021-2022'!$B$4:$B$23,'2021-2022'!C$4:C$23) -> Crystal Palace | C133: =_xlfn.XLOOKUP($A133,'2021-2022'!$B$4:$B$23,'2021-2022'!D$4:D$23) -> 50 | D133: =_xlfn.XLOOKUP($A133,'2021-2022'!$B$4:$B$23,'2021-2022'!E$4:E$23) -> 46 | E133: =_xlfn.XLOOKUP($A133,'2021-2022'!$B$4:$B$23,'2021-2022'!F$4:F$23) -> 4 | F133: =_xlfn.XLOOKUP($A133,'2021-2022'!$B$4:$B$23,'2021-2022'!G$4:G$23) -> 12 | G133: =_xlfn.XLOOKUP($A133,'2021-2022'!$B$4:$B$23,'2021-2022'!H$4:H$23) -> 69 | H133: =_xlfn.XLOOKUP($A133,'2021-2022'!$B$4:$B$23,'2021-2022'!I$4:I$23) -> 1 | I133: =_xlfn.XLOOKUP($A133,'2021-2022'!$B$4:$B$23,'2021-2022'!J$4:J$23) -> 46.4 | ... AS133: =_xlfn.XLOOKUP($A133,'2021-2022'!$B$4:$B$23,'2021-2022'!AT$4:AT$23) -> 21/22
... A141: 20 | B141: =_xlfn.XLOOKUP($A141,'2021-2022'!$B$4:$B$23,'2021-2022'!C$4:C$23) -> Norwich City | C141: =_xlfn.XLOOKUP($A141,'2021-2022'!$B$4:$B$23,'2021-2022'!D$4:D$23) -> 23 | D141: =_xlfn.XLOOKUP($A141,'2021-2022'!$B$4:$B$23,'2021-2022'!E$4:E$23) -> 84 | E141: =_xlfn.XLOOKUP($A141,'2021-2022'!$B$4:$B$23,'2021-2022'!F$4:F$23) -> -61 | F141: =_xlfn.XLOOKUP($A141,'2021-2022'!$B$4:$B$23,'2021-2022'!G$4:G$23) -> 6 | G141: =_xlfn.XLOOKUP($A141,'2021-2022'!$B$4:$B$23,'2021-2022'!H$4:H$23) -> 57 | H141: =_xlfn.XLOOKUP($A141,'2021-2022'!$B$4:$B$23,'2021-2022'!I$4:I$23) -> 1 | I141: =_xlfn.XLOOKUP($A141,'2021-2022'!$B$4:$B$23,'2021-2022'!J$4:J$23) -> 32.3 | ... AS141: =_xlfn.XLOOKUP($A141,'2021-2022'!$B$4:$B$23,'2021-2022'!AT$4:AT$23) -> 21/22
A142: 1 | B142: =_xlfn.XLOOKUP($A142,'2022-2023'!$B$4:$B$23,'2022-2023'!C$4:C$23) -> Manchester City | C142: =_xlfn.XLOOKUP($A142,'2022-2023'!$B$4:$B$23,'2022-2023'!D$4:D$23) -> 94 | D142: =_xlfn.XLOOKUP($A142,'2022-2023'!$B$4:$B$23,'2022-2023'!E$4:E$23) -> 33 | E142: =_xlfn.XLOOKUP($A142,'2022-2023'!$B$4:$B$23,'2022-2023'!F$4:F$23) -> 61 | F142: =_xlfn.XLOOKUP($A142,'2022-2023'!$B$4:$B$23,'2022-2023'!G$4:G$23) -> 13 | G142: =_xlfn.XLOOKUP($A142,'2022-2023'!$B$4:$B$23,'2022-2023'!H$4:H$23) -> 44 | H142: =_xlfn.XLOOKUP($A142,'2022-2023'!$B$4:$B$23,'2022-2023'!I$4:I$23) -> 1 | I142: =_xlfn.XLOOKUP($A142,'2022-2023'!$B$4:$B$23,'2022-2023'!J$4:J$23) -> 78.7 | ... AS142: =_xlfn.XLOOKUP($A142,'2022-2023'!$B$4:$B$23,'2022-2023'!AT$4:AT$23) -> 22/23
A143: 2 | B143: =_xlfn.XLOOKUP($A143,'2022-2023'!$B$4:$B$23,'2022-2023'!C$4:C$23) -> Arsenal | C143: =_xlfn.XLOOKUP($A143,'2022-2023'!$B$4:$B$23,'2022-2023'!D$4:D$23) -> 88 | D143: =_xlfn.XLOOKUP($A143,'2022-2023'!$B$4:$B$23,'2022-2023'!E$4:E$23) -> 43 | E143: =_xlfn.XLOOKUP($A143,'2022-2023'!$B$4:$B$23,'2022-2023'!F$4:F$23) -> 45 | F143: =_xlfn.XLOOKUP($A143,'2022-2023'!$B$4:$B$23,'2022-2023'!G$4:G$23) -> 14 | G143: =_xlfn.XLOOKUP($A143,'2022-2023'!$B$4:$B$23,'2022-2023'!H$4:H$23) -> 51 | H143: =_xlfn.XLOOKUP($A143,'2022-2023'!$B$4:$B$23,'2022-2023'!I$4:I$23) -> 0 | I143: =_xlfn.XLOOKUP($A143,'2022-2023'!$B$4:$B$23,'2022-2023'!J$4:J$23) -> 71.9 | ... AS143: =_xlfn.XLOOKUP($A143,'2022-2023'!$B$4:$B$23,'2022-2023'!AT$4:AT$23) -> 22/23
A144: 3 | B144: =_xlfn.XLOOKUP($A144,'2022-2023'!$B$4:$B$23,'2022-2023'!C$4:C$23) -> Manchester United | C144: =_xlfn.XLOOKUP($A144,'2022-2023'!$B$4:$B$23,'2022-2023'!D$4:D$23) -> 58 | D144: =_xlfn.XLOOKUP($A144,'2022-2023'!$B$4:$B$23,'2022-2023'!E$4:E$23) -> 43 | E144: =_xlfn.XLOOKUP($A144,'2022-2023'!$B$4:$B$23,'2022-2023'!F$4:F$23) -> 15 | F144: =_xlfn.XLOOKUP($A144,'2022-2023'!$B$4:$B$23,'2022-2023'!G$4:G$23) -> 17 | G144: =_xlfn.XLOOKUP($A144,'2022-2023'!$B$4:$B$23,'2022-2023'!H$4:H$23) -> 78 | H144: =_xlfn.XLOOKUP($A144,'2022-2023'!$B$4:$B$23,'2022-2023'!I$4:I$23) -> 2 | I144: =_xlfn.XLOOKUP($A144,'2022-2023'!$B$4:$B$23,'2022-2023'!J$4:J$23) -> 67.7 | ... AS144: =_xlfn.XLOOKUP($A144,'2022-2023'!$B$4:$B$23,'2022-2023'!AT$4:AT$23) -> 22/23
A145: 4 | B145: =_xlfn.XLOOKUP($A145,'2022-2023'!$B$4:$B$23,'2022-2023'!C$4:C$23) -> Newcastle United | C145: =_xlfn.XLOOKUP($A145,'2022-2023'!$B$4:$B$23,'2022-2023'!D$4:D$23) -> 68 | D145: =_xlfn.XLOOKUP($A145,'2022-2023'!$B$4:$B$23,'2022-2023'!E$4:E$23) -> 33 | E145: =_xlfn.XLOOKUP($A145,'2022-2023'!$B$4:$B$23,'2022-2023'!F$4:F$23) -> 35 | F145: =_xlfn.XLOOKUP($A145,'2022-2023'!$B$4:$B$23,'2022-2023'!G$4:G$23) -> 14 | G145: =_xlfn.XLOOKUP($A145,'2022-2023'!$B$4:$B$23,'2022-2023'!H$4:H$23) -> 61 | H145: =_xlfn.XLOOKUP($A145,'2022-2023'!$B$4:$B$23,'2022-2023'!I$4:I$23) -> 1 | I145: =_xlfn.XLOOKUP($A145,'2022-2023'!$B$4:$B$23,'2022-2023'!J$4:J$23) -> 72 | ... AS145: =_xlfn.XLOOKUP($A145,'2022-2023'!$B$4:$B$23,'2022-2023'!AT$4:AT$23) -> 22/23
A146: 5 | B146: =_xlfn.XLOOKUP($A146,'2022-2023'!$B$4:$B$23,'2022-2023'!C$4:C$23) -> Liverpool | C146: =_xlfn.XLOOKUP($A146,'2022-2023'!$B$4:$B$23,'2022-2023'!D$4:D$23) -> 75 | D146: =_xlfn.XLOOKUP($A146,'2022-2023'!$B$4:$B$23,'2022-2023'!E$4:E$23) -> 47 | E146: =_xlfn.XLOOKUP($A146,'2022-2023'!$B$4:$B$23,'2022-2023'!F$4:F$23) -> 28 | F146: =_xlfn.XLOOKUP($A146,'2022-2023'!$B$4:$B$23,'2022-2023'!G$4:G$23) -> 14 | G146: =_xlfn.XLOOKUP($A146,'2022-2023'!$B$4:$B$23,'2022-2023'!H$4:H$23) -> 57 | H146: =_xlfn.XLOOKUP($A146,'2022-2023'!$B$4:$B$23,'2022-2023'!I$4:I$23) -> 1 | I146: =_xlfn.XLOOKUP($A146,'2022-2023'!$B$4:$B$23,'2022-2023'!J$4:J$23) -> 72.6 | ... AS146: =_xlfn.XLOOKUP($A146,'2022-2023'!$B$4:$B$23,'2022-2023'!AT$4:AT$23) -> 22/23
A147: 6 | B147: =_xlfn.XLOOKUP($A147,'2022-2023'!$B$4:$B$23,'2022-2023'!C$4:C$23) -> Brighton and Hove Albion | C147: =_xlfn.XLOOKUP($A147,'2022-2023'!$B$4:$B$23,'2022-2023'!D$4:D$23) -> 72 | D147: =_xlfn.XLOOKUP($A147,'2022-2023'!$B$4:$B$23,'2022-2023'!E$4:E$23) -> 53 | E147: =_xlfn.XLOOKUP($A147,'2022-2023'!$B$4:$B$23,'2022-2023'!F$4:F$23) -> 19 | F147: =_xlfn.XLOOKUP($A147,'2022-2023'!$B$4:$B$23,'2022-2023'!G$4:G$23) -> 12 | G147: =_xlfn.XLOOKUP($A147,'2022-2023'!$B$4:$B$23,'2022-2023'!H$4:H$23) -> 58 | H147: =_xlfn.XLOOKUP($A147,'2022-2023'!$B$4:$B$23,'2022-2023'!I$4:I$23) -> 0 | I147: =_xlfn.XLOOKUP($A147,'2022-2023'!$B$4:$B$23,'2022-2023'!J$4:J$23) -> 73.3 | ... AS147: =_xlfn.XLOOKUP($A147,'2022-2023'!$B$4:$B$23,'2022-2023'!AT$4:AT$23) -> 22/23
A148: 7 | B148: =_xlfn.XLOOKUP($A148,'2022-2023'!$B$4:$B$23,'2022-2023'!C$4:C$23) -> Aston Villa | C148: =_xlfn.XLOOKUP($A148,'2022-2023'!$B$4:$B$23,'2022-2023'!D$4:D$23) -> 51 | D148: =_xlfn.XLOOKUP($A148,'2022-2023'!$B$4:$B$23,'2022-2023'!E$4:E$23) -> 46 | E148: =_xlfn.XLOOKUP($A148,'2022-2023'!$B$4:$B$23,'2022-2023'!F$4:F$23) -> 5 | F148: =_xlfn.XLOOKUP($A148,'2022-2023'!$B$4:$B$23,'2022-2023'!G$4:G$23) -> 12 | G148: =_xlfn.XLOOKUP($A148,'2022-2023'!$B$4:$B$23,'2022-2023'!H$4:H$23) -> 80 | H148: =_xlfn.XLOOKUP($A148,'2022-2023'!$B$4:$B$23,'2022-2023'!I$4:I$23) -> 1 | I148: =_xlfn.XLOOKUP($A148,'2022-2023'!$B$4:$B$23,'2022-2023'!J$4:J$23) -> 50.2 | ... AS148: =_xlfn.XLOOKUP($A148,'2022-2023'!$B$4:$B$23,'2022-2023'!AT$4:AT$23) -> 22/23
A149: 8 | B149: =_xlfn.XLOOKUP($A149,'2022-2023'!$B$4:$B$23,'2022-2023'!C$4:C$23) -> Tottenham Hotspur | C149: =_xlfn.XLOOKUP($A149,'2022-2023'!$B$4:$B$23,'2022-2023'!D$4:D$23) -> 70 | D149: =_xlfn.XLOOKUP($A149,'2022-2023'!$B$4:$B$23,'2022-2023'!E$4:E$23) -> 63 | E149: =_xlfn.XLOOKUP($A149,'2022-2023'!$B$4:$B$23,'2022-2023'!F$4:F$23) -> 7 | F149: =_xlfn.XLOOKUP($A149,'2022-2023'!$B$4:$B$23,'2022-2023'!G$4:G$23) -> 10 | G149: =_xlfn.XLOOKUP($A149,'2022-2023'!$B$4:$B$23,'2022-2023'!H$4:H$23) -> 77 | H149: =_xlfn.XLOOKUP($A149,'2022-2023'!$B$4:$B$23,'2022-2023'!I$4:I$23) -> 3 | I149: =_xlfn.XLOOKUP($A149,'2022-2023'!$B$4:$B$23,'2022-2023'!J$4:J$23) -> 57.1 | ... AS149: =_xlfn.XLOOKUP($A149,'2022-2023'!$B$4:$B$23,'2022-2023'!AT$4:AT$23) -> 22/23
...

Sheet BD
A1: Posicion | B1: Equipo | C1: GaF | D1: GaC | E1: DF | F1: P0 | G1: TA | H1: TR | I1: XGF | J1: XGC | K1: GvsXG | L1: Tiros | M1: TirosAGol | N1: GolDePenal | O1: GolDeCabeza | P1: GolDentroA | Q1: GolFueraA | R1: GolContragolpe | S1: FuerasDeLugar | T1: Auotgoles | U1: PenalesProvocados | V1: Paradas | W1: Despejes | X1: Barridas | Y1: Faltas | Z1: NumeroDePases | AA1: PasesFiltrados | AB1: PasesHaciaAtras | AC1: Centros | AD1: Corners | AE1: DineroGastadoEnTransferenciasMillonesDeEuros | AF1: DineroIngresadoPorTransferenciasMillonesDeEuros | AG1: JugadoresNuevos | AH1: JugadoresVendidos | AI1: ValorPlantilla | AJ1: NumeroDeJugadores | AK1: ValorPromedioJugadores | AL1: AsistenciaPromedioAlEstadio | AM1: VentajaLocal | AN1: CompetenciasEuropeas | AO1: RecienAscendido | AP1: Champions | AQ1: Descenso | AR1: Big6 | AS1: Temporada | AT1: Anio
A2: 1 | B2: Leicester City | C2: 68 | D2: 36 | E2: 32 | F2: 15 | G2: 48 | H2: 3 | L2: 522 | M2: 179 | N2: 10 | O2: 11 | P2: 65 | Q2: 3 | R2: 6 | S2: 50 | T2: 0 | U2: 4 | V2: 99 | W2: 1040 | X2: 869 | Y2: 406 | Z2: 13370 | AA2: 54 | AB2: 1970 | AC2: 762 | AD2: 197 | AE2: 49.9 | AF2: 9.45 | AG2: 25 | AH2: 32 | AI2: 161.1 | AJ2: 35 | AK2: 4.6028571 | AL2: 31998 | AM2: 0 | AN2: 0 | AO2: 0 | AP2: 1 | AQ2: 0 | AR2: 0 | AS2: 15/16 | AT2: 16
A3: 2 | B3: Arsenal | C3: 65 | D3: 36 | E3: 29 | F3: 18 | G3: 40 | H3: 4 | L3: 571 | M3: 211 | N3: 1 | O3: 13 | P3: 61 | Q3: 4 | R3: 3 | S3: 86 | T3: 3 | U3: 1 | V3: 118 | W3: 849 | X3: 709 | Y3: 348 | Z3: 21249 | AA3: 168 | AB3: 2946 | AC3: 754 | AD3: 227 | AE3: 26.5 | AF3: 2.5 | AG3: 15 | AH3: 12 | AI3: 457.85 | AJ3: 41 | AK3: 11.167073 | AL3: 59944 | AM3: 0.17 | AN3: 1 | AO3: 0 | AP3: 1 | AQ3: 0 | AR3: 1 | AS3: 15/16 | AT3: 16
A4: 3 | B4: Tottenham Hotspur | C4: 69 | D4: 35 | E4: 34 | F4: 13 | G4: 72 | H4: 1 | L4: 659 | M4: 252 | N4: 5 | O4: 7 | P4: 59 | Q4: 10 | R4: 3 | S4: 72 | T4: 3 | U4: 2 | V4: 89 | W4: 1046 | X4: 805 | Y4: 451 | Z4: 18649 | AA4: 64 | AB4: 2708 | AC4: 738 | AD4: 254 | AE4: 71 | AF4: 87.25 | AG4: 11 | AH4: 21 | AI4: 371.85 | AJ4: 31 | AK4: 11.995161 | AL4: 35776 | AM4: 0.08 | AN4: 1 | AO4: 0 | AP4: 1 | AQ4: 0 | AR4: 1 | AS4: 15/16 | AT4: 16
A5: 4 | B5: Manchester City | C5: 71 | D5: 41 | E5: 30 | F5: 16 | G5: 61 | H5: 1 | L5: 615 | M5: 210 | N5: 5 | O5: 13 | P5: 57 | Q5: 14 | R5: 5 | S5: 63 | T5: 1 | U5: 1 | V5: 86 | W5: 940 | X5: 729 | Y5: 409 | Z5: 20488 | AA5: 84 | AB5: 2895 | AC5: 866 | AD5: 257 | AE5: 208.47 | AF5: 67.44 | AG5: 22 | AH5: 25 | AI5: 499.35 | AJ5: 38 | AK5: 13.140789 | AL5: 54041 | AM5: 0.15 | AN5: 1 | AO5: 0 | AP5: 1 | AQ5: 0 | AR5: 1 | AS5: 15/16 | AT5: 16
A6: 5 | B6: Manchester United | C6: 49 | D6: 35 | E6: 14 | F6: 18 | G6: 65 | H6: 1 | L6: 430 | M6: 144 | N6: 3 | O6: 5 | P6: 44 | Q6: 5 | R6: 2 | S6: 75 | T6: 2 | U6: 2 | V6: 90 | W6: 755 | X6: 760 | Y6: 473 | Z6: 20070 | AA6: 43 | AB6: 3221 | AC6: 786 | AD6: 228 | AE6: 156 | AF6: 100.67 | AG6: 22 | AH6: 20 | AI6: 439.85 | AJ6: 44 | AK6: 9.9965909 | AL6: 75286 | AM6: 0.3 | AN6: 1 | AO6: 0 | AP6: 0 | AQ6: 0 | AR6: 1 | AS6: 15/16 | AT6: 16
A7: 6 | B7: Southampton | C7: 59 | D7: 41 | E7: 18 | F7: 12 | G7: 57 | H7: 6 | L7: 519 | M7: 166 | N7: 3 | O7: 15 | P7: 53 | Q7: 6 | R7: 3 | S7: 98 | T7: 0 | U7: 1 | V7: 94 | W7: 1101 | X7: 714 | Y7: 417 | Z7: 15913 | AA7: 46 | AB7: 2358 | AC7: 956 | AD7: 220 | AE7: 60.1 | AF7: 52.7 | AG7: 16 | AH7: 17 | AI7: 225.5 | AJ7: 35 | AK7: 6.4428571 | AL7: 30751 | AM7: 0.13 | AN7: 1 | AO7: 0 | AP7: 0 | AQ7: 0 | AR7: 0 | AS7: 15/16 | AT7: 16
A8: 7 | B8: West Ham United | C8: 65 | D8: 51 | E8: 14 | F8: 11 | G8: 58 | H8: 5 | L8: 558 | M8: 185 | N8: 4 | O8: 15 | P8: 55 | Q8: 10 | R8: 2 | S8: 82 | T8: 2 | U8: 8 | V8: 111 | W8: 1003 | X8: 711 | Y8: 381 | Z8: 15031 | AA8: 32 | AB8: 2236 | AC8: 805 | AD8: 224 | AE8: 52.7 | AF8: 18.52 | AG8: 25 | AH8: 26 | AI8: 201.33 | AJ8: 50 | AK8: 4.0266 | AL8: 34910 | AM8: 0.02 | AN8: 1 | AO8: 0 | AP8: 0 | AQ8: 0 | AR8: 0 | AS8: 15/16 | AT8: 16
A9: 8 | B9: Liverpool | C9: 63 | D9: 50 | E9: 13 | F9: 11 | G9: 61 | H9: 3 | L9: 629 | M9: 202 | N9: 2 | O9: 12 | P9: 48 | Q9: 15 | R9: 1 | S9: 91 | T9: 1 | U9: 3 | V9: 81 | W9: 871 | X9: 871 | Y9: 410 | Z9: 19733 | AA9: 75 | AB9: 2846 | AC9: 780 | AD9: 265 | AE9: 126.5 | AF9: 90.55 | AG9: 24 | AH9: 24 | AI9: 375.25 | AJ9: 44 | AK9: 8.5284091 | AL9: 43910 | AM9: 0.09 | AN9: 1 | AO9: 0 | AP9: 0 | AQ9: 0 | AR9: 1 | AS9: 15/16 | AT9: 16
A10: 9 | B10: Stoke City | C10: 41 | D10: 55 | E10: -14 | F10: 10 | G10: 51 | H10: 4 | L10: 419 | M10: 128 | N10: 5 | O10: 9 | P10: 33 | Q10: 8 | R10: 0 | S10: 103 | T10: 0 | U10: 5 | V10: 121 | W10: 826 | X10: 710 | Y10: 420 | Z10: 16342 | AA10: 60 | AB10: 2440 | AC10: 683 | AD10: 153 | AE10: 53.65 | AF10: 23.2 | AG10: 13 | AH10: 14 | AI10: 147 | AJ10: 31 | AK10: 4.7419355 | AL10: 27534 | AM10: 0.1 | AN10: 0 | AO10: 0 | AP10: 0 | AQ10: 0 | AR10: 0 | AS10: 15/16 | AT10: 16
A11: 10 | B11: Chelsea | C11: 59 | D11: 53 | E11: 6 | F11: 9 | G11: 58 | H11: 5 | L11: 526 | M11: 173 | N11: 4 | O11: 6 | P11: 48 | Q11: 11 | R11: 1 | S11: 90 | T11: 2 | U11: 4 | V11: 122 | W11: 790 | X11: 790 | Y11: 401 | Z11: 19664 | AA11: 74 | AB11: 2933 | AC11: 732 | AD11: 240 | AE11: 96.5 | AF11: 87.49 | AG11: 39 | AH11: 37 | AI11: 553.5 | AJ11: 40 | AK11: 13.8375 | AL11: 41500 | AM11: -0.03 | AN11: 1 | AO11: 0 | AP11: 0 | AQ11: 0 | AR11: 1 | AS11: 15/16 | AT11: 16
A12: 11 | B12: Everton | C12: 59 | D12: 55 | E12: 4 | F12: 10 | G12: 44 | H12: 5 | L12: 491 | M12: 175 | N12: 4 | O12: 10 | P12: 53 | Q12: 6 | R12: 2 | S12: 55 | T12: 1 | U12: 6 | V12: 127 | W12: 994 | X12: 730 | Y12: 306 | Z12: 17947 | AA12: 57 | AB12: 2699 | AC12: 782 | AD12: 218 | AE12: 48.2 | AF12: 11 | AG12: 18 | AH12: 17 | AI12: 249.85 | AJ12: 39 | AK12: 6.4064103 | AL12: 38124 | AM12: 0.05 | AN12: 0 | AO12: 0 | AP12: 0 | AQ12: 0 | AR12: 0 | AS12: 15/16 | AT12: 16
A13: 12 | B13: Swansea City | C13: 42 | D13: 52 | E13: -10 | F13: 9 | G13: 60 | H13: 1 | L13: 441 | M13: 136 | N13: 5 | O13: 6 | P13: 35 | Q13: 7 | R13: 3 | S13: 82 | T13: 5 | U13: 2 | V13: 119 | W13: 1058 | X13: 638 | Y13: 392 | Z13: 18169 | AA13: 46 | AB13: 2796 | AC13: 725 | AD13: 163 | AE13: 21.81 | AF13: 16.81 | AG13: 20 | AH13: 24 | AI13: 145.8 | AJ13: 36 | AK13: 4.05 | AL13: 20711 | AM13: 0.09 | AN13: 0 | AO13: 0 | AP13: 0 | AQ13: 0 | AR13: 0 | AS13: 15/16 | AT13: 16
... A41: 20 | B41: Sunderland | C41: 29 | D41: 69 | E41: -40 | F41: 6 | G41: 78 | H41: 4 | L41: 388 | M41: 122 | N41: 5 | O41: 1 | P41: 26 | Q41: 0 | R41: 3 | S41: 80 | T41: 2 | U41: 4 | V41: 179 | W41: 1173 | X41: 630 | Y41: 437 | Z41: 12360 | AA41: 38 | AB41: 1882 | AC41: 633 | AD41: 159 | AE41: 41.9 | AF41: 23.77 | AG41: 25 | AH41: 23 | AI41: 132 | AJ41: 42 | AK41: 3.1428571 | AL41: 41287 | AM41: 0.07 | AN41: 0 | AO41: 0 | AP41: 0 | AQ41: 1 | AR41: 0 | AS41: 16/17 | AT41: 17
A42: 1 | B42: Manchester City | C42: 106 | D42: 27 | E42: 79 | F42: 18 | G42: 59 | H42: 2 | I42: 78.6 | J42: 23.8 | K42: 27.4 | L42: 656 | M42: 656 | N42: 6 | O42: 12 | P42: 93 | Q42: 13 | R42: 4 | S42: 67 | T42: 2 | U42: 2 | V42: 58 | W42: 620 | X42: 195 | Y42: 344 | Z42: 26164 | AA42: 118 | AB42: 4546 | AC42: 691 | AD42: 284 | AE42: 317.5 | AF42: 91.35 | AG42: 31 | AH42: 32 | AI42: 1010 | AJ42: 32 | AK42: 31.5625 | AL42: 54070 | AM42: 0.06 | AN42: 1 | AO42: 0 | AP42: 1 | AQ42: 0 | AR42: 1 | AS42: 17/18 | AT42: 18
A43: 2 | B43: Manchester United | C43: 68 | D43: 28 | E43: 40 | F43: 19 | G43: 64 | H43: 1 | I43: 55.7 | J43: 40.7 | K43: 12.3 | L43: 509 | M43: 509 | N43: 1 | O43: 12 | P43: 56 | Q43: 13 | R43: 4 | S43: 88 | T43: 2 | U43: 1 | V43: 117 | W43: 926 | X43: 173 | Y43: 405 | Z43: 17765 | AA43: 85 | AB43: 2878 | AC43: 753 | AD43: 220 | AE43: 198.4 | AF43: 45.5 | AG43: 13 | AH43: 11 | AI43: 849.5 | AJ43: 35 | AK43: 24.271429 | AL43: 74976 | AM43: 0.24 | AN43: 1 | AO43: 0 | AP43: 1 | AQ43: 0 | AR43: 1 | AS43: 17/18 | AT43: 18
A44: 3 | B44: Tottenham Hotspur | C44: 74 | D44: 36 | E44: 38 | F44: 16 | G44: 50 | H44: 2 | I44: 64.7 | J44: 33.9 | K44: 9.3 | L44: 620 | M44: 620 | N44: 2 | O44: 11 | P44: 64 | Q44: 11 | R44: 8 | S44: 88 | T44: 1 | U44: 3 | V44: 89 | W44: 878 | X44: 212 | Y44: 384 | Z44: 19284 | AA44: 83 | AB44: 3176 | AC44: 825 | AD44: 246 | AE44: 123.5 | AF44: 103.8 | AG44: 14 | AH44: 11 | AI44: 829.6 | AJ44: 34 | AK44: 24.4 | AL44: 67953 | AM44: 0.12 | AN44: 1 | AO44: 0 | AP44: 1 | AQ44: 0 | AR44: 1 | AS44: 17/18 | AT44: 18
A45: 4 | B45: Liverpool | C45: 84 | D45: 38 | E45: 46 | F45: 17 | G45: 44 | H45: 1 | I45: 72.9 | J45: 33.8 | K45: 11.1 | L45: 635 | M45: 635 | N45: 2 | O45: 12 | P45: 75 | Q45: 9 | R45: 9 | S45: 70 | T45: 0 | U45: 6 | V45: 64 | W45: 788 | X45: 196 | Y45: 344 | Z45: 20367 | AA45: 106 | AB45: 3313 | AC45: 764 | AD45: 230 | AE45: 173.88 | AF45: 184.5 | AG45: 15 | AH45: 13 | AI45: 857.5 | AJ45: 35 | AK45: 24.5 | AL45: 53049 | AM45: 0.27 | AN45: 1 | AO45: 0 | AP45: 1 | AQ45: 0 | AR45: 1 | AS45: 17/18 | AT45: 18
A46: 5 | B46: Chelsea | C46: 62 | D46: 38 | E46: 24 | F46: 16 | G46: 42 | H46: 4 | I46: 54.4 | J46: 33.8 | K46: 7.6 | L46: 603 | M46: 603 | N46: 3 | O46: 17 | P46: 52 | Q46: 10 | R46: 1 | S46: 108 | T46: 2 | U46: 2 | V46: 81 | W46: 842 | X46: 208 | Y46: 363 | Z46: 18967 | AA46: 70 | AB46: 3019 | AC46: 755 | AD46: 230 | AE46: 260.5 | AF46: 194.6 | AG46: 40 | AH46: 31 | AI46: 884.25 | AJ46: 46 | AK46: 19.222826 | AL46: 41282 | AM46: 0.07 | AN46: 1 | AO46: 0 | AP46: 0 | AQ46: 0 | AR46: 1 | AS46: 17/18 | AT46: 18
A47: 6 | B47: Arsenal | C47: 74 | D47: 51 | E47: 23 | F47: 13 | G47: 57 | H47: 2 | I47: 68.3 | J47: 47.8 | K47: 5.7 | L47: 589 | M47: 589 | N47: 4 | O47: 13 | P47: 68 | Q47: 7 | R47: 0 | S47: 89 | T47: 0 | U47: 6 | V47: 94 | W47: 879 | X47: 218 | Y47: 383 | Z47: 20878 | AA47: 117 | AB47: 3089 | AC47: 572 | AD47: 225 | AE47: 152.85 | AF47: 162 | AG47: 10 | AH47: 16 | AI47: 694 | AJ47: 45 | AK47: 15.422222 | AL47: 59323 | AM47: 0.34 | AN47: 1 | AO47: 0 | AP47: 0 | AQ47: 0 | AR47: 1 | AS47: 17/18 | AT47: 18
A48: 7 | B48: Burnley | C48: 36 | D48: 39 | E48: -3 | F48: 12 | G48: 65 | H48: 0 | I48: 32.3 | J48: 51.2 | K48: 3.7 | L48: 378 | M48: 378 | N48: 0 | O48: 10 | P48: 32 | Q48: 4 | R48: 0 | S48: 100 | T48: 1 | U48: 5 | V48: 121 | W48: 1300 | X48: 204 | Y48: 350 | Z48: 10524 | AA48: 18 | AB48: 2245 | AC48: 707 | AD48: 167 | AE48: 35.74 | AF48: 50 | AG48: 18 | AH48: 21 | AI48: 169.3 | AJ48: 30 | AK48: 5.6433333 | AL48: 20688 | AM48: 0.01 | AN48: 0 | AO48: 0 | AP48: 0 | AQ48: 0 | AR48: 0 | AS48: 17/18 | AT48: 18
A49: 8 | B49: Everton | C49: 44 | D49: 58 | E49: -14 | F49: 10 | G49: 51 | H49: 3 | I49: 40.5 | J49: 52.4 | K49: 3.5 | L49: 351 | M49: 351 | N49: 5 | O49: 8 | P49: 36 | Q49: 8 | R49: 2 | S49: 82 | T49: 0 | U49: 5 | V49: 119 | W49: 1308 | X49: 223 | Y49: 460 | Z49: 11953 | AA49: 25 | AB49: 2212 | AC49: 629 | AD49: 150 | AE49: 203.2 | AF49: 126.38 | AG49: 23 | AH49: 20 | AI49: 381.25 | AJ49: 48 | AK49: 7.9427083 | AL49: 38797 | AM49: 0.26 | AN49: 1 | AO49: 0 | AP49: 0 | AQ49: 0 | AR49: 0 | AS49: 17/18 | AT49: 18
A50: 9 | B50: Leicester City | C50: 56 | D50: 60 | E50: -4 | F50: 9 | G50: 52 | H50: 5 | I50: 50 | J50: 48.1 | K50: 6 | L50: 417 | M50: 417 | N50: 5 | O50: 9 | P50: 49 | Q50: 7 | R50: 7 | S50: 92 | T50: 2 | U50: 4 | V50: 104 | W50: 1007 | X50: 208 | Y50: 364 | Z50: 12357 | AA50: 63 | AB50: 2094 | AC50: 744 | AD50: 203 | AE50: 83.85 | AF50: 50.1 | AG50: 14 | AH50: 13 | AI50: 304.25 | AJ50: 34 | AK50: 8.9485294 | AL50: 31583 | AM50: 0.09 | AN50: 0 | AO50: 0 | AP50: 0 | AQ50: 0 | AR50: 0 | AS50: 17/18 | AT50: 18
A51: 10 | B51: Newcastle United | C51: 39 | D51: 47 | E51: -8 | F51: 9 | G51: 52 | H51: 2 | I51: 41.6 | J51: 52.4 | K51: -2.6 | L51: 450 | M51: 450 | N51: 0 | O51: 7 | P51: 34 | Q51: 5 | R51: 5 | S51: 63 | T51: 3 | U51: 6 | V51: 102 | W51: 1219 | X51: 221 | Y51: 409 | Z51: 11071 | AA51: 67 | AB51: 2018 | AC51: 616 | AD51: 167 | AE51: 46.5 | AF51: 21.22 | AG51: 27 | AH51: 29 | AI51: 208.28 | AJ51: 37 | AK51: 5.6291892 | AL51: 51992 | AM51: 0.18 | AN51: 0 | AO51: 1 | AP51: 0 | AQ51: 0 | AR51: 0 | AS51: 17/18 | AT51: 18
A52: 11 | B52: Crystal Palace | C52: 45 | D52: 55 | E52: -10 | F52: 9 | G52: 72 | H52: 0 | I52: 53.5 | J52: 48.2 | K52: -8.5 | L52: 466 | M52: 466 | N52: 8 | O52: 4 | P52: 39 | Q52: 6 | R52: 3 | S52: 56 | T52: 2 | U52: 2 | V52: 117 | W52: 1110 | X52: 260 | Y52: 425 | Z52: 11809 | AA52: 30 | AB52: 2091 | AC52: 703 | AD52: 210 | AE52: 48.95 | AF52: 3 | AG52: 15 | AH52: 18 | AI52: 220.73 | AJ52: 41 | AK52: 5.3836585 | AL52: 25063 | AM52: 0.16 | AN52: 0 | AO52: 0 | AP52: 0 | AQ52: 0 | AR52: 0 | AS52: 17/18 | AT52: 18
A53: 12 | B53: Bournemouth | C53: 45 | D53: 61 | E53: -16 | F53: 6 | G53: 55 | H53: 1 | I53: 38.8 | J53: 59.2 | K53: 6.2 | L53: 462 | M53: 462 | N53: 3 | O53: 4 | P53: 38 | Q53: 7 | R53: 0 | S53: 52 | T53: 1 | U53: 3 | V53: 109 | W53: 1129 | X53: 198 | Y53: 339 | Z53: 13450 | AA53: 37 | AB53: 2257 | AC53: 707 | AD53: 218 | AE53: 34.3 | AF53: 0 | AG53: 15 | AH53: 14 | AI53: 144.5 | AJ53: 25 | AK53: 5.78 | AL53: 10641 | AM53: 0.09 | AN53: 0 | AO53: 0 | AP53: 0 | AQ53: 0 | AR53: 0 | AS53: 17/18 | AT53: 18
... A181: 20 | B181: Sheffield United | C181: 35 | D181: 104 | E181: -69 | F181: 1 | G181: 101 | H181: 5 | I181: 38.3 | J181: 76.7 | K181: -3.3 | L181: 360 | M181: 117 | N181: 5 | O181: 3 | P181: 32 | Q181: 3 | R181: 2 | S181: 64 | T181: 7 | U181: 3 | V181: 166 | W181: 1042 | X181: 709 | Y181: 423 | Z181: 13498 | AA181: 25 | AB181: 1922 | AC181: 428 | AD181: 141 | AE181: 66.95 | AF181: 30.9 | AG181: 18 | AH181: 15 | AI181: 152 | AJ181: 45 | AK181: 3.3777778 | AL181: 30011 | AM181: 0 | AN181: 0 | AO181: 1 | AP181: 0 | AQ181: 1 | AR181: 0 | AS181: 23/24 | AT181: 24
